PcpCrID,Cargo ID,objectID,eventID
CargoID_0,Cr2,Pcp44,Lodge_Pcp44
CargoID_1,Cr9,Pcp87,Lodge_Pcp87
CargoID_2,Cr20,Pcp48,Lodge_Pcp48
CargoID_3,Cr13,Pcp55,Lodge_Pcp55
CargoID_4,Cr7,Pcp69,Lodge_Pcp69
CargoID_5,Cr1,Pcp18,Lodge_Pcp18
CargoID_6,Cr8,Pcp21,Lodge_Pcp21
CargoID_7,Cr19,Pcp74,Lodge_Pcp74
CargoID_8,Cr17,Pcp23,Lodge_Pcp23
CargoID_9,Cr12,Pcp39,Lodge_Pcp39
CargoID_10,Cr15,Pcp41,Lodge_Pcp41
CargoID_11,Cr10,Pcp29,Lodge_Pcp29
CargoID_12,Cr11,Pcp36,Lodge_Pcp36
CargoID_13,Cr14,Pcp81,Lodge_Pcp81
CargoID_14,Cr5,Pcp22,Lodge_Pcp22
CargoID_15,Cr20,Pcp28,Lodge_Pcp28
CargoID_16,Cr15,Pcp59,Lodge_Pcp59
CargoID_17,Cr16,Pcp7,Lodge_Pcp7
CargoID_18,Cr10,Pcp64,Lodge_Pcp64
CargoID_19,Cr11,Pcp4,Lodge_Pcp4
CargoID_20,Cr2,Pcp5,Lodge_Pcp5
CargoID_21,Cr18,Pcp82,Lodge_Pcp82
CargoID_22,Cr9,Pcp98,Lodge_Pcp98
CargoID_23,Cr17,Pcp86,Lodge_Pcp86
CargoID_24,Cr6,Pcp67,Lodge_Pcp67
CargoID_25,Cr8,Pcp72,Lodge_Pcp72
CargoID_26,Cr4,Pcp38,Lodge_Pcp38
CargoID_27,Cr3,Pcp91,Lodge_Pcp91
CargoID_28,Cr5,Pcp10,Lodge_Pcp10
CargoID_29,Cr17,Pcp63,Lodge_Pcp63
CargoID_30,Cr13,Pcp47,Lodge_Pcp47
CargoID_31,Cr7,Pcp79,Lodge_Pcp79
CargoID_32,Cr8,Pcp16,Lodge_Pcp16
CargoID_33,Cr19,Pcp90,Lodge_Pcp90
CargoID_34,Cr14,Pcp54,Lodge_Pcp54
CargoID_35,Cr1,Pcp53,Lodge_Pcp53
CargoID_36,Cr12,Pcp45,Lodge_Pcp45
CargoID_37,Cr20,Pcp100,Lodge_Pcp100
CargoID_38,Cr15,Pcp49,Lodge_Pcp49
CargoID_39,Cr4,Pcp60,Lodge_Pcp60
CargoID_40,Cr5,Pcp31,Lodge_Pcp31
CargoID_41,Cr12,Pcp66,Lodge_Pcp66
CargoID_42,Cr10,Pcp68,Lodge_Pcp68
CargoID_43,Cr6,Pcp76,Lodge_Pcp76
CargoID_44,Cr2,Pcp83,Lodge_Pcp83
CargoID_45,Cr7,Pcp52,Lodge_Pcp52
CargoID_46,Cr1,Pcp42,Lodge_Pcp42
CargoID_47,Cr18,Pcp2,Lodge_Pcp2
CargoID_48,Cr19,Pcp43,Lodge_Pcp43
CargoID_49,Cr14,Pcp35,Lodge_Pcp35
CargoID_50,Cr6,Pcp34,Lodge_Pcp34
CargoID_51,Cr8,Pcp27,Lodge_Pcp27
CargoID_52,Cr3,Pcp9,Lodge_Pcp9
CargoID_53,Cr9,Pcp24,Lodge_Pcp24
CargoID_54,Cr5,Pcp6,Lodge_Pcp6
CargoID_55,Cr4,Pcp65,Lodge_Pcp65
CargoID_56,Cr11,Pcp20,Lodge_Pcp20
CargoID_57,Cr10,Pcp26,Lodge_Pcp26
CargoID_58,Cr8,Pcp19,Lodge_Pcp19
CargoID_59,Cr12,Pcp97,Lodge_Pcp97
CargoID_60,Cr15,Pcp95,Lodge_Pcp95
CargoID_61,Cr3,Pcp15,Lodge_Pcp15
CargoID_62,Cr6,Pcp94,Lodge_Pcp94
CargoID_63,Cr16,Pcp46,Lodge_Pcp46
CargoID_64,Cr18,Pcp99,Lodge_Pcp99
CargoID_65,Cr5,Pcp73,Lodge_Pcp73
CargoID_66,Cr2,Pcp40,Lodge_Pcp40
CargoID_67,Cr19,Pcp33,Lodge_Pcp33
CargoID_68,Cr14,Pcp84,Lodge_Pcp84
CargoID_69,Cr15,Pcp13,Lodge_Pcp13
CargoID_70,Cr4,Pcp1,Lodge_Pcp1
CargoID_71,Cr20,Pcp89,Lodge_Pcp89
CargoID_72,Cr17,Pcp71,Lodge_Pcp71
CargoID_73,Cr1,Pcp93,Lodge_Pcp93
CargoID_74,Cr10,Pcp8,Lodge_Pcp8
CargoID_75,Cr9,Pcp12,Lodge_Pcp12
CargoID_76,Cr13,Pcp30,Lodge_Pcp30
CargoID_77,Cr11,Pcp56,Lodge_Pcp56
CargoID_78,Cr17,Pcp17,Lodge_Pcp17
CargoID_79,Cr4,Pcp14,Lodge_Pcp14
CargoID_80,Cr16,Pcp3,Lodge_Pcp3
CargoID_81,Cr12,Pcp25,Lodge_Pcp25
CargoID_82,Cr18,Pcp51,Lodge_Pcp51
CargoID_83,Cr8,Pcp96,Lodge_Pcp96
CargoID_84,Cr19,Pcp11,Lodge_Pcp11
CargoID_85,Cr2,Pcp92,Lodge_Pcp92
CargoID_86,Cr3,Pcp85,Lodge_Pcp85
CargoID_87,Cr9,Pcp80,Lodge_Pcp80
CargoID_88,Cr7,Pcp88,Lodge_Pcp88
CargoID_89,Cr5,Pcp78,Lodge_Pcp78
CargoID_90,Cr4,Pcp61,Lodge_Pcp61
CargoID_91,Cr1,Pcp57,Lodge_Pcp57
CargoID_92,Cr6,Pcp32,Lodge_Pcp32
CargoID_93,Cr11,Pcp58,Lodge_Pcp58
CargoID_94,Cr10,Pcp70,Lodge_Pcp70
CargoID_95,Cr20,Pcp37,Lodge_Pcp37
CargoID_96,Cr14,Pcp75,Lodge_Pcp75
CargoID_97,Cr15,Pcp62,Lodge_Pcp62
CargoID_98,Cr17,Pcp50,Lodge_Pcp50
CargoID_99,Cr13,Pcp77,Lodge_Pcp77
