TWID,Truck Weight,objectID,eventID
Truck Weight_0,15487.9,tr26,weigh_empty_truck_Pcp44_tr26
Truck Weight_1,11409.9,tr49,weigh_empty_truck_Pcp44_tr49
Truck Weight_2,12845.3,tr41,weigh_empty_truck_Pcp87_tr41
Truck Weight_3,13014.2,tr22,weigh_empty_truck_Pcp87_tr22
Truck Weight_4,16651.7,tr49,weigh_loaded_truck_Pcp44_tr49
Truck Weight_5,18150.9,tr41,weigh_loaded_truck_Pcp87_tr41
Truck Weight_6,11501.2,tr4,weigh_empty_truck_Pcp48_tr4
Truck Weight_7,12328.2,tr30,weigh_empty_truck_Pcp55_tr30
Truck Weight_8,13700.0,tr19,weigh_empty_truck_Pcp55_tr19
Truck Weight_9,13186.6,tr10,weigh_empty_truck_Pcp69_tr10
Truck Weight_10,14898.0,tr11,weigh_empty_truck_Pcp48_tr11
Truck Weight_11,13681.8,tr14,weigh_empty_truck_Pcp69_tr14
Truck Weight_12,19479.6,tr19,weigh_loaded_truck_Pcp55_tr19
Truck Weight_13,13206.1,tr24,weigh_empty_truck_Pcp18_tr24
Truck Weight_14,14439.9,tr18,weigh_empty_truck_Pcp18_tr18
Truck Weight_15,14942.8,tr33,weigh_empty_truck_Pcp21_tr33
Truck Weight_16,12984.6,tr48,weigh_empty_truck_Pcp21_tr48
Truck Weight_17,13407.5,tr12,weigh_empty_truck_Pcp23_tr12
Truck Weight_18,15723.9,tr41,weigh_empty_truck_Pcp23_tr41
Truck Weight_19,18523.7,tr22,weigh_loaded_truck_Pcp87_tr22
Truck Weight_20,11109.5,tr8,weigh_empty_truck_Pcp74_tr8
Truck Weight_21,14272.9,tr36,weigh_empty_truck_Pcp39_tr36
Truck Weight_22,15643.0,tr40,weigh_empty_truck_Pcp39_tr40
Truck Weight_23,14281.9,tr43,weigh_empty_truck_Pcp74_tr43
Truck Weight_24,18412.0,tr24,weigh_loaded_truck_Pcp18_tr24
Truck Weight_25,21783.0,tr41,weigh_loaded_truck_Pcp23_tr41
Truck Weight_26,18019.1,tr48,weigh_loaded_truck_Pcp21_tr48
Truck Weight_27,11194.0,tr37,weigh_empty_truck_Pcp41_tr37
Truck Weight_28,12883.5,tr47,weigh_empty_truck_Pcp41_tr47
Truck Weight_29,20857.4,tr26,weigh_loaded_truck_Pcp44_tr26
Truck Weight_30,18592.4,tr14,weigh_loaded_truck_Pcp69_tr14
Truck Weight_31,18334.4,tr10,weigh_loaded_truck_Pcp69_tr10
Truck Weight_32,19848.2,tr18,weigh_loaded_truck_Pcp18_tr18
Truck Weight_33,11614.2,tr3,weigh_empty_truck_Pcp81_tr3
Truck Weight_34,14430.2,tr20,weigh_empty_truck_Pcp29_tr20
Truck Weight_35,14203.3,tr27,weigh_empty_truck_Pcp36_tr27
Truck Weight_36,19544.4,tr36,weigh_loaded_truck_Pcp39_tr36
Truck Weight_37,14715.9,tr49,weigh_empty_truck_Pcp29_tr49
Truck Weight_38,13222.0,tr2,weigh_empty_truck_Pcp22_tr2
Truck Weight_39,20374.2,tr11,weigh_loaded_truck_Pcp48_tr11
Truck Weight_40,15547.3,tr44,weigh_empty_truck_Pcp81_tr44
Truck Weight_41,14626.7,tr6,weigh_empty_truck_Pcp36_tr6
Truck Weight_42,19297.2,tr12,weigh_loaded_truck_Pcp23_tr12
Truck Weight_43,16180.4,tr31,weigh_empty_truck_Pcp22_tr31
Truck Weight_44,17478.1,tr3,weigh_loaded_truck_Pcp81_tr3
Truck Weight_45,19852.8,tr20,weigh_loaded_truck_Pcp29_tr20
Truck Weight_46,15829.0,tr25,weigh_empty_truck_Pcp59_tr25
Truck Weight_47,17180.8,tr4,weigh_loaded_truck_Pcp48_tr4
Truck Weight_48,14062.5,tr23,weigh_empty_truck_Pcp59_tr23
Truck Weight_49,13100.1,tr10,weigh_empty_truck_Pcp28_tr10
Truck Weight_50,13128.2,tr42,weigh_empty_truck_Pcp7_tr42
Truck Weight_51,13115.4,tr38,weigh_empty_truck_Pcp28_tr38
Truck Weight_52,18268.7,tr30,weigh_loaded_truck_Pcp55_tr30
Truck Weight_53,16029.9,tr48,weigh_empty_truck_Pcp7_tr48
Truck Weight_54,14006.0,tr35,weigh_empty_truck_Pcp64_tr35
Truck Weight_55,12583.4,tr32,weigh_empty_truck_Pcp64_tr32
Truck Weight_56,16386.6,tr37,weigh_loaded_truck_Pcp41_tr37
Truck Weight_57,12720.9,tr17,weigh_empty_truck_Pcp4_tr17
Truck Weight_58,11574.3,tr22,weigh_empty_truck_Pcp5_tr22
Truck Weight_59,19965.9,tr43,weigh_loaded_truck_Pcp74_tr43
Truck Weight_60,21307.9,tr44,weigh_loaded_truck_Pcp81_tr44
Truck Weight_61,19080.6,tr2,weigh_loaded_truck_Pcp22_tr2
Truck Weight_62,13709.6,tr39,weigh_empty_truck_Pcp5_tr39
Truck Weight_63,18019.3,tr47,weigh_loaded_truck_Pcp41_tr47
Truck Weight_64,15773.8,tr3,weigh_empty_truck_Pcp98_tr3
Truck Weight_65,19135.6,tr35,weigh_loaded_truck_Pcp64_tr35
Truck Weight_66,15986.6,tr24,weigh_empty_truck_Pcp4_tr24
Truck Weight_67,22075.7,tr31,weigh_loaded_truck_Pcp22_tr31
Truck Weight_68,12549.2,tr19,weigh_empty_truck_Pcp98_tr19
Truck Weight_69,18360.5,tr38,weigh_loaded_truck_Pcp28_tr38
Truck Weight_70,17020.9,tr8,weigh_loaded_truck_Pcp74_tr8
Truck Weight_71,15127.9,tr28,weigh_empty_truck_Pcp86_tr28
Truck Weight_72,21366.9,tr25,weigh_loaded_truck_Pcp59_tr25
Truck Weight_73,12846.3,tr46,weigh_empty_truck_Pcp86_tr46
Truck Weight_74,11972.8,tr15,weigh_empty_truck_Pcp67_tr15
Truck Weight_75,19658.1,tr23,weigh_loaded_truck_Pcp59_tr23
Truck Weight_76,17134.6,tr22,weigh_loaded_truck_Pcp5_tr22
Truck Weight_77,20074.1,tr27,weigh_loaded_truck_Pcp36_tr27
Truck Weight_78,20642.3,tr6,weigh_loaded_truck_Pcp36_tr6
Truck Weight_79,17702.3,tr15,weigh_loaded_truck_Pcp67_tr15
Truck Weight_80,12567.8,tr29,weigh_empty_truck_Pcp72_tr29
Truck Weight_81,15762.7,tr14,weigh_empty_truck_Pcp67_tr14
Truck Weight_82,13237.8,tr12,weigh_empty_truck_Pcp38_tr12
Truck Weight_83,18764.6,tr42,weigh_loaded_truck_Pcp7_tr42
Truck Weight_84,15072.9,tr44,weigh_empty_truck_Pcp72_tr44
Truck Weight_85,11281.5,tr38,weigh_empty_truck_Pcp10_tr38
Truck Weight_86,20819.5,tr28,weigh_loaded_truck_Pcp86_tr28
Truck Weight_87,11124.8,tr41,weigh_empty_truck_Pcp63_tr41
Truck Weight_88,15226.1,tr25,weigh_empty_truck_Pcp38_tr25
Truck Weight_89,13113.4,tr31,weigh_empty_truck_Pcp10_tr31
Truck Weight_90,14401.2,tr21,weigh_empty_truck_Pcp91_tr21
Truck Weight_91,18549.6,tr12,weigh_loaded_truck_Pcp38_tr12
Truck Weight_92,14569.1,tr36,weigh_empty_truck_Pcp91_tr36
Truck Weight_93,18444.2,tr46,weigh_loaded_truck_Pcp86_tr46
Truck Weight_94,16932.1,tr41,weigh_loaded_truck_Pcp63_tr41
Truck Weight_95,21862.2,tr24,weigh_loaded_truck_Pcp4_tr24
Truck Weight_96,15373.5,tr35,weigh_empty_truck_Pcp47_tr35
Truck Weight_97,18258.8,tr19,weigh_loaded_truck_Pcp98_tr19
Truck Weight_98,19939.8,tr33,weigh_loaded_truck_Pcp21_tr33
Truck Weight_99,12119.2,tr8,weigh_empty_truck_Pcp63_tr8
Truck Weight_100,11221.4,tr1,weigh_empty_truck_Pcp47_tr1
Truck Weight_101,13592.7,tr13,weigh_empty_truck_Pcp79_tr13
Truck Weight_102,20176.7,tr44,weigh_loaded_truck_Pcp72_tr44
Truck Weight_103,21307.0,tr3,weigh_loaded_truck_Pcp98_tr3
Truck Weight_104,18338.4,tr31,weigh_loaded_truck_Pcp10_tr31
Truck Weight_105,11983.2,tr27,weigh_empty_truck_Pcp79_tr27
Truck Weight_106,18579.7,tr10,weigh_loaded_truck_Pcp28_tr10
Truck Weight_107,20322.7,tr36,weigh_loaded_truck_Pcp91_tr36
Truck Weight_108,16467.8,tr38,weigh_loaded_truck_Pcp10_tr38
Truck Weight_109,13923.4,tr18,weigh_empty_truck_Pcp16_tr18
Truck Weight_110,14024.8,tr4,weigh_empty_truck_Pcp16_tr4
Truck Weight_111,19987.6,tr21,weigh_loaded_truck_Pcp91_tr21
Truck Weight_112,19371.1,tr39,weigh_loaded_truck_Pcp5_tr39
Truck Weight_113,18710.5,tr17,weigh_loaded_truck_Pcp4_tr17
Truck Weight_114,20910.2,tr40,weigh_loaded_truck_Pcp39_tr40
Truck Weight_115,12780.5,tr11,weigh_empty_truck_Pcp90_tr11
Truck Weight_116,20309.3,tr49,weigh_loaded_truck_Pcp29_tr49
Truck Weight_117,11278.9,tr15,weigh_empty_truck_Pcp90_tr15
Truck Weight_118,11828.4,tr34,weigh_empty_truck_Pcp54_tr34
Truck Weight_119,12612.0,tr5,weigh_empty_truck_Pcp53_tr5
Truck Weight_120,13638.3,tr16,weigh_empty_truck_Pcp54_tr16
Truck Weight_121,12965.2,tr41,weigh_empty_truck_Pcp53_tr41
Truck Weight_122,18702.7,tr13,weigh_loaded_truck_Pcp79_tr13
Truck Weight_123,21405.1,tr14,weigh_loaded_truck_Pcp67_tr14
Truck Weight_124,16004.3,tr33,weigh_empty_truck_Pcp45_tr33
Truck Weight_125,18122.5,tr8,weigh_loaded_truck_Pcp63_tr8
Truck Weight_126,17267.2,tr27,weigh_loaded_truck_Pcp79_tr27
Truck Weight_127,17302.0,tr34,weigh_loaded_truck_Pcp54_tr34
Truck Weight_128,19720.0,tr18,weigh_loaded_truck_Pcp16_tr18
Truck Weight_129,14444.9,tr30,weigh_empty_truck_Pcp45_tr30
Truck Weight_130,18281.1,tr41,weigh_loaded_truck_Pcp53_tr41
Truck Weight_131,20679.2,tr35,weigh_loaded_truck_Pcp47_tr35
Truck Weight_132,17789.3,tr29,weigh_loaded_truck_Pcp72_tr29
Truck Weight_133,17731.7,tr5,weigh_loaded_truck_Pcp53_tr5
Truck Weight_134,16424.9,tr21,weigh_empty_truck_Pcp100_tr21
Truck Weight_135,18140.0,tr11,weigh_loaded_truck_Pcp90_tr11
Truck Weight_136,12876.9,tr28,weigh_empty_truck_Pcp49_tr28
Truck Weight_137,16775.1,tr15,weigh_loaded_truck_Pcp90_tr15
Truck Weight_138,16481.2,tr46,weigh_empty_truck_Pcp49_tr46
Truck Weight_139,12184.1,tr2,weigh_empty_truck_Pcp60_tr2
Truck Weight_140,20530.7,tr25,weigh_loaded_truck_Pcp38_tr25
Truck Weight_141,19748.1,tr4,weigh_loaded_truck_Pcp16_tr4
Truck Weight_142,19631.7,tr30,weigh_loaded_truck_Pcp45_tr30
Truck Weight_143,15848.7,tr43,weigh_empty_truck_Pcp100_tr43
Truck Weight_144,18647.6,tr28,weigh_loaded_truck_Pcp49_tr28
Truck Weight_145,16146.0,tr50,weigh_empty_truck_Pcp31_tr50
Truck Weight_146,19260.5,tr16,weigh_loaded_truck_Pcp54_tr16
Truck Weight_147,12632.4,tr22,weigh_empty_truck_Pcp60_tr22
Truck Weight_148,16530.1,tr1,weigh_loaded_truck_Pcp47_tr1
Truck Weight_149,13064.3,tr41,weigh_empty_truck_Pcp31_tr41
Truck Weight_150,14880.9,tr35,weigh_empty_truck_Pcp66_tr35
Truck Weight_151,18624.0,tr22,weigh_loaded_truck_Pcp60_tr22
Truck Weight_152,16233.6,tr27,weigh_empty_truck_Pcp66_tr27
Truck Weight_153,15281.6,tr29,weigh_empty_truck_Pcp68_tr29
Truck Weight_154,21172.1,tr33,weigh_loaded_truck_Pcp45_tr33
Truck Weight_155,21033.6,tr43,weigh_loaded_truck_Pcp100_tr43
Truck Weight_156,15400.3,tr3,weigh_empty_truck_Pcp68_tr3
Truck Weight_157,21786.3,tr48,weigh_loaded_truck_Pcp7_tr48
Truck Weight_158,18227.1,tr41,weigh_loaded_truck_Pcp31_tr41
Truck Weight_159,12263.4,tr26,weigh_empty_truck_Pcp52_tr26
Truck Weight_160,13999.3,tr6,weigh_empty_truck_Pcp83_tr6
Truck Weight_161,15717.6,tr44,weigh_empty_truck_Pcp76_tr44
Truck Weight_162,11075.2,tr18,weigh_empty_truck_Pcp83_tr18
Truck Weight_163,16161.5,tr17,weigh_empty_truck_Pcp76_tr17
Truck Weight_164,14883.3,tr11,weigh_empty_truck_Pcp52_tr11
Truck Weight_165,19199.7,tr6,weigh_loaded_truck_Pcp83_tr6
Truck Weight_166,17644.7,tr32,weigh_loaded_truck_Pcp64_tr32
Truck Weight_167,17428.1,tr26,weigh_loaded_truck_Pcp52_tr26
Truck Weight_168,20108.6,tr11,weigh_loaded_truck_Pcp52_tr11
Truck Weight_169,21381.1,tr50,weigh_loaded_truck_Pcp31_tr50
Truck Weight_170,18009.8,tr2,weigh_loaded_truck_Pcp60_tr2
Truck Weight_171,20951.5,tr3,weigh_loaded_truck_Pcp68_tr3
Truck Weight_172,20692.5,tr35,weigh_loaded_truck_Pcp66_tr35
Truck Weight_173,21427.7,tr17,weigh_loaded_truck_Pcp76_tr17
Truck Weight_174,22134.7,tr46,weigh_loaded_truck_Pcp49_tr46
Truck Weight_175,21055.3,tr29,weigh_loaded_truck_Pcp68_tr29
Truck Weight_176,14670.7,tr42,weigh_empty_truck_Pcp42_tr42
Truck Weight_177,15238.7,tr43,weigh_empty_truck_Pcp42_tr43
Truck Weight_178,14201.6,tr46,weigh_empty_truck_Pcp2_tr46
Truck Weight_179,11672.5,tr19,weigh_empty_truck_Pcp43_tr19
Truck Weight_180,12576.1,tr34,weigh_empty_truck_Pcp43_tr34
Truck Weight_181,11210.8,tr7,weigh_empty_truck_Pcp2_tr7
Truck Weight_182,20469.7,tr42,weigh_loaded_truck_Pcp42_tr42
Truck Weight_183,21664.2,tr21,weigh_loaded_truck_Pcp100_tr21
Truck Weight_184,20846.6,tr43,weigh_loaded_truck_Pcp42_tr43
Truck Weight_185,16786.8,tr7,weigh_loaded_truck_Pcp2_tr7
Truck Weight_186,11861.3,tr4,weigh_empty_truck_Pcp34_tr4
Truck Weight_187,19878.6,tr46,weigh_loaded_truck_Pcp2_tr46
Truck Weight_188,14628.1,tr50,weigh_empty_truck_Pcp27_tr50
Truck Weight_189,13411.0,tr45,weigh_empty_truck_Pcp34_tr45
Truck Weight_190,16177.3,tr3,weigh_empty_truck_Pcp27_tr3
Truck Weight_191,21919.8,tr27,weigh_loaded_truck_Pcp66_tr27
Truck Weight_192,12633.5,tr32,weigh_empty_truck_Pcp9_tr32
Truck Weight_193,20477.1,tr50,weigh_loaded_truck_Pcp27_tr50
Truck Weight_194,13081.2,tr1,weigh_empty_truck_Pcp24_tr1
Truck Weight_195,11953.8,tr25,weigh_empty_truck_Pcp24_tr25
Truck Weight_196,16191.6,tr28,weigh_empty_truck_Pcp9_tr28
Truck Weight_197,19201.6,tr45,weigh_loaded_truck_Pcp34_tr45
Truck Weight_198,17651.0,tr34,weigh_loaded_truck_Pcp43_tr34
Truck Weight_199,15710.2,tr9,weigh_empty_truck_Pcp6_tr9
Truck Weight_200,12820.7,tr48,weigh_empty_truck_Pcp6_tr48
Truck Weight_201,16192.7,tr18,weigh_loaded_truck_Pcp83_tr18
Truck Weight_202,17670.9,tr32,weigh_loaded_truck_Pcp9_tr32
Truck Weight_203,11248.0,tr5,weigh_empty_truck_Pcp20_tr5
Truck Weight_204,16609.7,tr19,weigh_loaded_truck_Pcp43_tr19
Truck Weight_205,15447.3,tr43,weigh_empty_truck_Pcp65_tr43
Truck Weight_206,21129.3,tr44,weigh_loaded_truck_Pcp76_tr44
Truck Weight_207,11711.9,tr12,weigh_empty_truck_Pcp65_tr12
Truck Weight_208,12841.5,tr7,weigh_empty_truck_Pcp20_tr7
Truck Weight_209,18672.8,tr1,weigh_loaded_truck_Pcp24_tr1
Truck Weight_210,13365.5,tr21,weigh_empty_truck_Pcp26_tr21
Truck Weight_211,20606.1,tr9,weigh_loaded_truck_Pcp6_tr9
Truck Weight_212,14637.3,tr31,weigh_empty_truck_Pcp26_tr31
Truck Weight_213,17063.0,tr12,weigh_loaded_truck_Pcp65_tr12
Truck Weight_214,22158.8,tr3,weigh_loaded_truck_Pcp27_tr3
Truck Weight_215,17349.1,tr25,weigh_loaded_truck_Pcp24_tr25
Truck Weight_216,16729.2,tr5,weigh_loaded_truck_Pcp20_tr5
Truck Weight_217,15061.4,tr13,weigh_empty_truck_Pcp19_tr13
Truck Weight_218,14371.4,tr41,weigh_empty_truck_Pcp19_tr41
Truck Weight_219,18344.0,tr7,weigh_loaded_truck_Pcp20_tr7
Truck Weight_220,20470.3,tr31,weigh_loaded_truck_Pcp26_tr31
Truck Weight_221,13983.8,tr29,weigh_empty_truck_Pcp97_tr29
Truck Weight_222,14320.5,tr22,weigh_empty_truck_Pcp97_tr22
Truck Weight_223,13995.0,tr15,weigh_empty_truck_Pcp95_tr15
Truck Weight_224,21029.2,tr43,weigh_loaded_truck_Pcp65_tr43
Truck Weight_225,16332.4,tr23,weigh_empty_truck_Pcp95_tr23
Truck Weight_226,19091.6,tr21,weigh_loaded_truck_Pcp26_tr21
Truck Weight_227,13794.8,tr24,weigh_empty_truck_Pcp94_tr24
Truck Weight_228,12743.8,tr11,weigh_empty_truck_Pcp15_tr11
Truck Weight_229,19583.1,tr22,weigh_loaded_truck_Pcp97_tr22
Truck Weight_230,15565.4,tr32,weigh_empty_truck_Pcp94_tr32
Truck Weight_231,20883.9,tr13,weigh_loaded_truck_Pcp19_tr13
Truck Weight_232,21384.7,tr28,weigh_loaded_truck_Pcp9_tr28
Truck Weight_233,13216.6,tr1,weigh_empty_truck_Pcp46_tr1
Truck Weight_234,18979.6,tr24,weigh_loaded_truck_Pcp94_tr24
Truck Weight_235,14298.8,tr37,weigh_empty_truck_Pcp99_tr37
Truck Weight_236,11513.0,tr27,weigh_empty_truck_Pcp46_tr27
Truck Weight_237,19265.6,tr15,weigh_loaded_truck_Pcp95_tr15
Truck Weight_238,11327.8,tr16,weigh_empty_truck_Pcp40_tr16
Truck Weight_239,13456.6,tr5,weigh_empty_truck_Pcp73_tr5
Truck Weight_240,14084.2,tr34,weigh_empty_truck_Pcp15_tr34
Truck Weight_241,16480.4,tr40,weigh_empty_truck_Pcp73_tr40
Truck Weight_242,20187.7,tr41,weigh_loaded_truck_Pcp19_tr41
Truck Weight_243,14738.7,tr10,weigh_empty_truck_Pcp40_tr10
Truck Weight_244,13293.8,tr39,weigh_empty_truck_Pcp99_tr39
Truck Weight_245,12401.9,tr44,weigh_empty_truck_Pcp84_tr44
Truck Weight_246,12591.3,tr42,weigh_empty_truck_Pcp33_tr42
Truck Weight_247,14093.2,tr31,weigh_empty_truck_Pcp13_tr31
Truck Weight_248,12394.2,tr14,weigh_empty_truck_Pcp33_tr14
Truck Weight_249,11698.3,tr49,weigh_empty_truck_Pcp84_tr49
Truck Weight_250,13913.1,tr9,weigh_empty_truck_Pcp13_tr9
Truck Weight_251,19191.8,tr29,weigh_loaded_truck_Pcp97_tr29
Truck Weight_252,16506.8,tr27,weigh_loaded_truck_Pcp46_tr27
Truck Weight_253,17147.6,tr16,weigh_loaded_truck_Pcp40_tr16
Truck Weight_254,18983.9,tr5,weigh_loaded_truck_Pcp73_tr5
Truck Weight_255,19924.8,tr9,weigh_loaded_truck_Pcp13_tr9
Truck Weight_256,12645.0,tr50,weigh_empty_truck_Pcp1_tr50
Truck Weight_257,15137.2,tr35,weigh_empty_truck_Pcp1_tr35
Truck Weight_258,11804.9,tr15,weigh_empty_truck_Pcp89_tr15
Truck Weight_259,20169.0,tr37,weigh_loaded_truck_Pcp99_tr37
Truck Weight_260,22220.1,tr40,weigh_loaded_truck_Pcp73_tr40
Truck Weight_261,20046.7,tr31,weigh_loaded_truck_Pcp13_tr31
Truck Weight_262,17743.4,tr50,weigh_loaded_truck_Pcp1_tr50
Truck Weight_263,13128.0,tr3,weigh_empty_truck_Pcp89_tr3
Truck Weight_264,13706.6,tr38,weigh_empty_truck_Pcp71_tr38
Truck Weight_265,13074.2,tr18,weigh_empty_truck_Pcp71_tr18
Truck Weight_266,12337.7,tr33,weigh_empty_truck_Pcp93_tr33
Truck Weight_267,15876.2,tr5,weigh_empty_truck_Pcp8_tr5
Truck Weight_268,18439.8,tr1,weigh_loaded_truck_Pcp46_tr1
Truck Weight_269,12802.7,tr25,weigh_empty_truck_Pcp93_tr25
Truck Weight_270,16247.2,tr13,weigh_empty_truck_Pcp8_tr13
Truck Weight_271,17952.8,tr48,weigh_loaded_truck_Pcp6_tr48
Truck Weight_272,18990.2,tr39,weigh_loaded_truck_Pcp99_tr39
Truck Weight_273,21237.1,tr5,weigh_loaded_truck_Pcp8_tr5
Truck Weight_274,21756.3,tr23,weigh_loaded_truck_Pcp95_tr23
Truck Weight_275,20548.6,tr10,weigh_loaded_truck_Pcp40_tr10
Truck Weight_276,15486.9,tr8,weigh_empty_truck_Pcp30_tr8
Truck Weight_277,18281.6,tr25,weigh_loaded_truck_Pcp93_tr25
Truck Weight_278,17822.8,tr4,weigh_loaded_truck_Pcp34_tr4
Truck Weight_279,18724.2,tr18,weigh_loaded_truck_Pcp71_tr18
Truck Weight_280,17776.6,tr33,weigh_loaded_truck_Pcp93_tr33
Truck Weight_281,11254.1,tr41,weigh_empty_truck_Pcp12_tr41
Truck Weight_282,12295.9,tr28,weigh_empty_truck_Pcp30_tr28
Truck Weight_283,18043.9,tr11,weigh_loaded_truck_Pcp15_tr11
Truck Weight_284,13906.3,tr22,weigh_empty_truck_Pcp56_tr22
Truck Weight_285,19284.8,tr38,weigh_loaded_truck_Pcp71_tr38
Truck Weight_286,17948.6,tr14,weigh_loaded_truck_Pcp33_tr14
Truck Weight_287,15559.3,tr46,weigh_empty_truck_Pcp12_tr46
Truck Weight_288,21103.8,tr8,weigh_loaded_truck_Pcp30_tr8
Truck Weight_289,18273.4,tr3,weigh_loaded_truck_Pcp89_tr3
Truck Weight_290,20803.8,tr32,weigh_loaded_truck_Pcp94_tr32
Truck Weight_291,13074.5,tr2,weigh_empty_truck_Pcp56_tr2
Truck Weight_292,11977.9,tr19,weigh_empty_truck_Pcp3_tr19
Truck Weight_293,20317.3,tr35,weigh_loaded_truck_Pcp1_tr35
Truck Weight_294,15620.0,tr30,weigh_empty_truck_Pcp17_tr30
Truck Weight_295,12152.4,tr31,weigh_empty_truck_Pcp17_tr31
Truck Weight_296,15038.3,tr24,weigh_empty_truck_Pcp14_tr24
Truck Weight_297,11487.2,tr12,weigh_empty_truck_Pcp3_tr12
Truck Weight_298,13852.5,tr26,weigh_empty_truck_Pcp14_tr26
Truck Weight_299,17725.6,tr49,weigh_loaded_truck_Pcp84_tr49
Truck Weight_300,14784.7,tr45,weigh_empty_truck_Pcp25_tr45
Truck Weight_301,15906.5,tr5,weigh_empty_truck_Pcp25_tr5
Truck Weight_302,17669.3,tr19,weigh_loaded_truck_Pcp3_tr19
Truck Weight_303,18157.8,tr42,weigh_loaded_truck_Pcp33_tr42
Truck Weight_304,20798.9,tr46,weigh_loaded_truck_Pcp12_tr46
Truck Weight_305,16855.6,tr15,weigh_loaded_truck_Pcp89_tr15
Truck Weight_306,18699.3,tr2,weigh_loaded_truck_Pcp56_tr2
Truck Weight_307,14358.5,tr25,weigh_empty_truck_Pcp11_tr25
Truck Weight_308,16487.0,tr29,weigh_empty_truck_Pcp11_tr29
Truck Weight_309,21378.1,tr13,weigh_loaded_truck_Pcp8_tr13
Truck Weight_310,14503.7,tr47,weigh_empty_truck_Pcp96_tr47
Truck Weight_311,19232.1,tr34,weigh_loaded_truck_Pcp15_tr34
Truck Weight_312,19722.5,tr22,weigh_loaded_truck_Pcp56_tr22
Truck Weight_313,15857.4,tr1,weigh_empty_truck_Pcp96_tr1
Truck Weight_314,17974.7,tr31,weigh_loaded_truck_Pcp17_tr31
Truck Weight_315,21720.7,tr29,weigh_loaded_truck_Pcp11_tr29
Truck Weight_316,19377.7,tr25,weigh_loaded_truck_Pcp11_tr25
Truck Weight_317,18254.3,tr44,weigh_loaded_truck_Pcp84_tr44
Truck Weight_318,17159.5,tr12,weigh_loaded_truck_Pcp3_tr12
Truck Weight_319,20832.6,tr24,weigh_loaded_truck_Pcp14_tr24
Truck Weight_320,14256.6,tr3,weigh_empty_truck_Pcp92_tr3
Truck Weight_321,17691.9,tr28,weigh_loaded_truck_Pcp30_tr28
Truck Weight_322,19754.9,tr26,weigh_loaded_truck_Pcp14_tr26
Truck Weight_323,19938.3,tr45,weigh_loaded_truck_Pcp25_tr45
Truck Weight_324,21556.9,tr30,weigh_loaded_truck_Pcp17_tr30
Truck Weight_325,16499.6,tr7,weigh_empty_truck_Pcp92_tr7
Truck Weight_326,21088.1,tr5,weigh_loaded_truck_Pcp25_tr5
Truck Weight_327,21720.1,tr1,weigh_loaded_truck_Pcp96_tr1
Truck Weight_328,16435.3,tr41,weigh_loaded_truck_Pcp12_tr41
Truck Weight_329,19423.2,tr3,weigh_loaded_truck_Pcp92_tr3
Truck Weight_330,20505.1,tr47,weigh_loaded_truck_Pcp96_tr47
Truck Weight_331,14974.2,tr42,weigh_empty_truck_Pcp85_tr42
Truck Weight_332,13328.3,tr16,weigh_empty_truck_Pcp85_tr16
Truck Weight_333,20065.0,tr42,weigh_loaded_truck_Pcp85_tr42
Truck Weight_334,12842.6,tr8,weigh_empty_truck_Pcp80_tr8
Truck Weight_335,18293.4,tr16,weigh_loaded_truck_Pcp85_tr16
Truck Weight_336,14320.5,tr30,weigh_empty_truck_Pcp80_tr30
Truck Weight_337,18084.1,tr8,weigh_loaded_truck_Pcp80_tr8
Truck Weight_338,19566.8,tr30,weigh_loaded_truck_Pcp80_tr30
Truck Weight_339,21794.6,tr7,weigh_loaded_truck_Pcp92_tr7
Truck Weight_340,16143.3,tr13,weigh_empty_truck_Pcp35_tr13
Truck Weight_341,11657.5,tr23,weigh_empty_truck_Pcp35_tr23
Truck Weight_342,21252.5,tr13,weigh_loaded_truck_Pcp35_tr13
Truck Weight_343,15262.4,tr31,weigh_empty_truck_Pcp88_tr31
Truck Weight_344,14870.2,tr26,weigh_empty_truck_Pcp88_tr26
Truck Weight_345,16794.8,tr23,weigh_loaded_truck_Pcp35_tr23
Truck Weight_346,20769.4,tr26,weigh_loaded_truck_Pcp88_tr26
Truck Weight_347,15683.3,tr13,weigh_empty_truck_Pcp82_tr13
Truck Weight_348,15173.9,tr5,weigh_empty_truck_Pcp82_tr5
Truck Weight_349,13337.8,tr9,weigh_empty_truck_Pcp78_tr9
Truck Weight_350,13624.6,tr23,weigh_empty_truck_Pcp78_tr23
Truck Weight_351,11976.7,tr42,weigh_empty_truck_Pcp61_tr42
Truck Weight_352,19214.7,tr23,weigh_loaded_truck_Pcp78_tr23
Truck Weight_353,12591.2,tr21,weigh_empty_truck_Pcp61_tr21
Truck Weight_354,18708.9,tr9,weigh_loaded_truck_Pcp78_tr9
Truck Weight_355,13834.0,tr30,weigh_empty_truck_Pcp57_tr30
Truck Weight_356,21632.9,tr13,weigh_loaded_truck_Pcp82_tr13
Truck Weight_357,13868.0,tr29,weigh_empty_truck_Pcp57_tr29
Truck Weight_358,17721.9,tr42,weigh_loaded_truck_Pcp61_tr42
Truck Weight_359,18362.3,tr21,weigh_loaded_truck_Pcp61_tr21
Truck Weight_360,19636.8,tr30,weigh_loaded_truck_Pcp57_tr30
Truck Weight_361,11293.4,tr20,weigh_empty_truck_Pcp32_tr20
Truck Weight_362,15195.8,tr14,weigh_empty_truck_Pcp32_tr14
Truck Weight_363,21325.4,tr31,weigh_loaded_truck_Pcp88_tr31
Truck Weight_364,14261.5,tr23,weigh_empty_truck_Pcp58_tr23
Truck Weight_365,21070.3,tr5,weigh_loaded_truck_Pcp82_tr5
Truck Weight_366,12995.9,tr49,weigh_empty_truck_Pcp58_tr49
Truck Weight_367,16630.6,tr20,weigh_loaded_truck_Pcp32_tr20
Truck Weight_368,12597.2,tr35,weigh_empty_truck_Pcp37_tr35
Truck Weight_369,15706.6,tr38,weigh_empty_truck_Pcp37_tr38
Truck Weight_370,19818.6,tr29,weigh_loaded_truck_Pcp57_tr29
Truck Weight_371,18150.8,tr49,weigh_loaded_truck_Pcp58_tr49
Truck Weight_372,21206.2,tr38,weigh_loaded_truck_Pcp37_tr38
Truck Weight_373,11785.2,tr20,weigh_empty_truck_Pcp75_tr20
Truck Weight_374,14814.8,tr22,weigh_empty_truck_Pcp75_tr22
Truck Weight_375,20431.7,tr22,weigh_loaded_truck_Pcp75_tr22
Truck Weight_376,19272.7,tr23,weigh_loaded_truck_Pcp58_tr23
Truck Weight_377,20321.9,tr14,weigh_loaded_truck_Pcp32_tr14
Truck Weight_378,17929.3,tr35,weigh_loaded_truck_Pcp37_tr35
Truck Weight_379,11150.1,tr39,weigh_empty_truck_Pcp62_tr39
Truck Weight_380,17530.9,tr20,weigh_loaded_truck_Pcp75_tr20
Truck Weight_381,14040.5,tr46,weigh_empty_truck_Pcp50_tr46
Truck Weight_382,15918.6,tr50,weigh_empty_truck_Pcp62_tr50
Truck Weight_383,12386.6,tr6,weigh_empty_truck_Pcp50_tr6
Truck Weight_384,16286.4,tr39,weigh_loaded_truck_Pcp62_tr39
Truck Weight_385,18216.0,tr6,weigh_loaded_truck_Pcp50_tr6
Truck Weight_386,13230.9,tr8,weigh_empty_truck_Pcp77_tr8
Truck Weight_387,15541.5,tr17,weigh_empty_truck_Pcp77_tr17
Truck Weight_388,20039.5,tr46,weigh_loaded_truck_Pcp50_tr46
Truck Weight_389,15141.9,tr29,weigh_empty_truck_Pcp51_tr29
Truck Weight_390,11713.4,tr23,weigh_empty_truck_Pcp51_tr23
Truck Weight_391,16655.2,tr23,weigh_loaded_truck_Pcp51_tr23
Truck Weight_392,20825.3,tr17,weigh_loaded_truck_Pcp77_tr17
Truck Weight_393,18752.0,tr8,weigh_loaded_truck_Pcp77_tr8
Truck Weight_394,20905.5,tr50,weigh_loaded_truck_Pcp62_tr50
Truck Weight_395,20205.1,tr29,weigh_loaded_truck_Pcp51_tr29
Truck Weight_396,12150.9,tr49,weigh_empty_truck_Pcp70_tr49
Truck Weight_397,12136.1,tr29,weigh_empty_truck_Pcp70_tr29
Truck Weight_398,17593.0,tr49,weigh_loaded_truck_Pcp70_tr49
Truck Weight_399,17594.9,tr29,weigh_loaded_truck_Pcp70_tr29
