TPcpID,Pickup Plan ID,objectID,eventID
Pickup Plan ID_0,Pcp44,tr26,assign_tr26_Pcp44
Pickup Plan ID_1,Pcp44,tr49,assign_tr49_Pcp44
Pickup Plan ID_2,Pcp87,tr41,assign_tr41_Pcp87
Pickup Plan ID_3,Pcp87,tr22,assign_tr22_Pcp87
Pickup Plan ID_4,Pcp48,tr11,assign_tr11_Pcp48
Pickup Plan ID_5,Pcp48,tr4,assign_tr4_Pcp48
Pickup Plan ID_6,Pcp55,tr19,assign_tr19_Pcp55
Pickup Plan ID_7,Pcp55,tr30,assign_tr30_Pcp55
Pickup Plan ID_8,Pcp69,tr10,assign_tr10_Pcp69
Pickup Plan ID_9,Pcp69,tr14,assign_tr14_Pcp69
Pickup Plan ID_10,Pcp18,tr18,assign_tr18_Pcp18
Pickup Plan ID_11,Pcp18,tr24,assign_tr24_Pcp18
Pickup Plan ID_12,Pcp21,tr48,assign_tr48_Pcp21
Pickup Plan ID_13,Pcp21,tr33,assign_tr33_Pcp21
Pickup Plan ID_14,Pcp74,tr8,assign_tr8_Pcp74
Pickup Plan ID_15,Pcp74,tr43,assign_tr43_Pcp74
Pickup Plan ID_16,Pcp23,tr41,assign_tr41_Pcp23
Pickup Plan ID_17,Pcp23,tr12,assign_tr12_Pcp23
Pickup Plan ID_18,Pcp39,tr40,assign_tr40_Pcp39
Pickup Plan ID_19,Pcp39,tr36,assign_tr36_Pcp39
Pickup Plan ID_20,Pcp41,tr37,assign_tr37_Pcp41
Pickup Plan ID_21,Pcp41,tr47,assign_tr47_Pcp41
Pickup Plan ID_22,Pcp29,tr20,assign_tr20_Pcp29
Pickup Plan ID_23,Pcp29,tr49,assign_tr49_Pcp29
Pickup Plan ID_24,Pcp81,tr3,assign_tr3_Pcp81
Pickup Plan ID_25,Pcp81,tr44,assign_tr44_Pcp81
Pickup Plan ID_26,Pcp36,tr6,assign_tr6_Pcp36
Pickup Plan ID_27,Pcp36,tr27,assign_tr27_Pcp36
Pickup Plan ID_28,Pcp22,tr2,assign_tr2_Pcp22
Pickup Plan ID_29,Pcp22,tr31,assign_tr31_Pcp22
Pickup Plan ID_30,Pcp28,tr10,assign_tr10_Pcp28
Pickup Plan ID_31,Pcp59,tr25,assign_tr25_Pcp59
Pickup Plan ID_32,Pcp59,tr23,assign_tr23_Pcp59
Pickup Plan ID_33,Pcp28,tr38,assign_tr38_Pcp28
Pickup Plan ID_34,Pcp7,tr42,assign_tr42_Pcp7
Pickup Plan ID_35,Pcp7,tr48,assign_tr48_Pcp7
Pickup Plan ID_36,Pcp64,tr35,assign_tr35_Pcp64
Pickup Plan ID_37,Pcp64,tr32,assign_tr32_Pcp64
Pickup Plan ID_38,Pcp4,tr17,assign_tr17_Pcp4
Pickup Plan ID_39,Pcp4,tr24,assign_tr24_Pcp4
Pickup Plan ID_40,Pcp5,tr39,assign_tr39_Pcp5
Pickup Plan ID_41,Pcp5,tr22,assign_tr22_Pcp5
Pickup Plan ID_42,Pcp98,tr3,assign_tr3_Pcp98
Pickup Plan ID_43,Pcp86,tr46,assign_tr46_Pcp86
Pickup Plan ID_44,Pcp86,tr28,assign_tr28_Pcp86
Pickup Plan ID_45,Pcp98,tr19,assign_tr19_Pcp98
Pickup Plan ID_46,Pcp67,tr15,assign_tr15_Pcp67
Pickup Plan ID_47,Pcp67,tr14,assign_tr14_Pcp67
Pickup Plan ID_48,Pcp72,tr44,assign_tr44_Pcp72
Pickup Plan ID_49,Pcp72,tr29,assign_tr29_Pcp72
Pickup Plan ID_50,Pcp38,tr12,assign_tr12_Pcp38
Pickup Plan ID_51,Pcp38,tr25,assign_tr25_Pcp38
Pickup Plan ID_52,Pcp10,tr31,assign_tr31_Pcp10
Pickup Plan ID_53,Pcp91,tr36,assign_tr36_Pcp91
Pickup Plan ID_54,Pcp10,tr38,assign_tr38_Pcp10
Pickup Plan ID_55,Pcp91,tr21,assign_tr21_Pcp91
Pickup Plan ID_56,Pcp63,tr41,assign_tr41_Pcp63
Pickup Plan ID_57,Pcp63,tr8,assign_tr8_Pcp63
Pickup Plan ID_58,Pcp47,tr35,assign_tr35_Pcp47
Pickup Plan ID_59,Pcp47,tr1,assign_tr1_Pcp47
Pickup Plan ID_60,Pcp79,tr13,assign_tr13_Pcp79
Pickup Plan ID_61,Pcp79,tr27,assign_tr27_Pcp79
Pickup Plan ID_62,Pcp16,tr4,assign_tr4_Pcp16
Pickup Plan ID_63,Pcp16,tr18,assign_tr18_Pcp16
Pickup Plan ID_64,Pcp90,tr11,assign_tr11_Pcp90
Pickup Plan ID_65,Pcp90,tr15,assign_tr15_Pcp90
Pickup Plan ID_66,Pcp54,tr34,assign_tr34_Pcp54
Pickup Plan ID_67,Pcp54,tr16,assign_tr16_Pcp54
Pickup Plan ID_68,Pcp53,tr5,assign_tr5_Pcp53
Pickup Plan ID_69,Pcp53,tr41,assign_tr41_Pcp53
Pickup Plan ID_70,Pcp45,tr30,assign_tr30_Pcp45
Pickup Plan ID_71,Pcp45,tr33,assign_tr33_Pcp45
Pickup Plan ID_72,Pcp100,tr43,assign_tr43_Pcp100
Pickup Plan ID_73,Pcp100,tr21,assign_tr21_Pcp100
Pickup Plan ID_74,Pcp49,tr46,assign_tr46_Pcp49
Pickup Plan ID_75,Pcp49,tr28,assign_tr28_Pcp49
Pickup Plan ID_76,Pcp60,tr2,assign_tr2_Pcp60
Pickup Plan ID_77,Pcp60,tr22,assign_tr22_Pcp60
Pickup Plan ID_78,Pcp31,tr41,assign_tr41_Pcp31
Pickup Plan ID_79,Pcp31,tr50,assign_tr50_Pcp31
Pickup Plan ID_80,Pcp66,tr35,assign_tr35_Pcp66
Pickup Plan ID_81,Pcp66,tr27,assign_tr27_Pcp66
Pickup Plan ID_82,Pcp68,tr3,assign_tr3_Pcp68
Pickup Plan ID_83,Pcp68,tr29,assign_tr29_Pcp68
Pickup Plan ID_84,Pcp76,tr44,assign_tr44_Pcp76
Pickup Plan ID_85,Pcp76,tr17,assign_tr17_Pcp76
Pickup Plan ID_86,Pcp83,tr18,assign_tr18_Pcp83
Pickup Plan ID_87,Pcp83,tr6,assign_tr6_Pcp83
Pickup Plan ID_88,Pcp52,tr26,assign_tr26_Pcp52
Pickup Plan ID_89,Pcp52,tr11,assign_tr11_Pcp52
Pickup Plan ID_90,Pcp42,tr42,assign_tr42_Pcp42
Pickup Plan ID_91,Pcp42,tr43,assign_tr43_Pcp42
Pickup Plan ID_92,Pcp2,tr7,assign_tr7_Pcp2
Pickup Plan ID_93,Pcp43,tr34,assign_tr34_Pcp43
Pickup Plan ID_94,Pcp43,tr19,assign_tr19_Pcp43
Pickup Plan ID_95,Pcp2,tr46,assign_tr46_Pcp2
Pickup Plan ID_96,Pcp34,tr45,assign_tr45_Pcp34
Pickup Plan ID_97,Pcp34,tr4,assign_tr4_Pcp34
Pickup Plan ID_98,Pcp27,tr50,assign_tr50_Pcp27
Pickup Plan ID_99,Pcp27,tr3,assign_tr3_Pcp27
Pickup Plan ID_100,Pcp9,tr32,assign_tr32_Pcp9
Pickup Plan ID_101,Pcp9,tr28,assign_tr28_Pcp9
Pickup Plan ID_102,Pcp24,tr1,assign_tr1_Pcp24
Pickup Plan ID_103,Pcp24,tr25,assign_tr25_Pcp24
Pickup Plan ID_104,Pcp6,tr48,assign_tr48_Pcp6
Pickup Plan ID_105,Pcp6,tr9,assign_tr9_Pcp6
Pickup Plan ID_106,Pcp65,tr12,assign_tr12_Pcp65
Pickup Plan ID_107,Pcp65,tr43,assign_tr43_Pcp65
Pickup Plan ID_108,Pcp20,tr7,assign_tr7_Pcp20
Pickup Plan ID_109,Pcp20,tr5,assign_tr5_Pcp20
Pickup Plan ID_110,Pcp26,tr21,assign_tr21_Pcp26
Pickup Plan ID_111,Pcp26,tr31,assign_tr31_Pcp26
Pickup Plan ID_112,Pcp19,tr13,assign_tr13_Pcp19
Pickup Plan ID_113,Pcp19,tr41,assign_tr41_Pcp19
Pickup Plan ID_114,Pcp97,tr29,assign_tr29_Pcp97
Pickup Plan ID_115,Pcp97,tr22,assign_tr22_Pcp97
Pickup Plan ID_116,Pcp95,tr15,assign_tr15_Pcp95
Pickup Plan ID_117,Pcp95,tr23,assign_tr23_Pcp95
Pickup Plan ID_118,Pcp94,tr24,assign_tr24_Pcp94
Pickup Plan ID_119,Pcp15,tr11,assign_tr11_Pcp15
Pickup Plan ID_120,Pcp15,tr34,assign_tr34_Pcp15
Pickup Plan ID_121,Pcp94,tr32,assign_tr32_Pcp94
Pickup Plan ID_122,Pcp46,tr1,assign_tr1_Pcp46
Pickup Plan ID_123,Pcp46,tr27,assign_tr27_Pcp46
Pickup Plan ID_124,Pcp99,tr37,assign_tr37_Pcp99
Pickup Plan ID_125,Pcp99,tr39,assign_tr39_Pcp99
Pickup Plan ID_126,Pcp40,tr16,assign_tr16_Pcp40
Pickup Plan ID_127,Pcp73,tr5,assign_tr5_Pcp73
Pickup Plan ID_128,Pcp40,tr10,assign_tr10_Pcp40
Pickup Plan ID_129,Pcp73,tr40,assign_tr40_Pcp73
Pickup Plan ID_130,Pcp84,tr44,assign_tr44_Pcp84
Pickup Plan ID_131,Pcp84,tr49,assign_tr49_Pcp84
Pickup Plan ID_132,Pcp33,tr14,assign_tr14_Pcp33
Pickup Plan ID_133,Pcp33,tr42,assign_tr42_Pcp33
Pickup Plan ID_134,Pcp13,tr31,assign_tr31_Pcp13
Pickup Plan ID_135,Pcp13,tr9,assign_tr9_Pcp13
Pickup Plan ID_136,Pcp1,tr35,assign_tr35_Pcp1
Pickup Plan ID_137,Pcp1,tr50,assign_tr50_Pcp1
Pickup Plan ID_138,Pcp89,tr15,assign_tr15_Pcp89
Pickup Plan ID_139,Pcp89,tr3,assign_tr3_Pcp89
Pickup Plan ID_140,Pcp71,tr38,assign_tr38_Pcp71
Pickup Plan ID_141,Pcp71,tr18,assign_tr18_Pcp71
Pickup Plan ID_142,Pcp93,tr25,assign_tr25_Pcp93
Pickup Plan ID_143,Pcp93,tr33,assign_tr33_Pcp93
Pickup Plan ID_144,Pcp8,tr5,assign_tr5_Pcp8
Pickup Plan ID_145,Pcp8,tr13,assign_tr13_Pcp8
Pickup Plan ID_146,Pcp12,tr41,assign_tr41_Pcp12
Pickup Plan ID_147,Pcp12,tr46,assign_tr46_Pcp12
Pickup Plan ID_148,Pcp30,tr8,assign_tr8_Pcp30
Pickup Plan ID_149,Pcp30,tr28,assign_tr28_Pcp30
Pickup Plan ID_150,Pcp56,tr2,assign_tr2_Pcp56
Pickup Plan ID_151,Pcp56,tr22,assign_tr22_Pcp56
Pickup Plan ID_152,Pcp17,tr30,assign_tr30_Pcp17
Pickup Plan ID_153,Pcp17,tr31,assign_tr31_Pcp17
Pickup Plan ID_154,Pcp3,tr12,assign_tr12_Pcp3
Pickup Plan ID_155,Pcp3,tr19,assign_tr19_Pcp3
Pickup Plan ID_156,Pcp14,tr26,assign_tr26_Pcp14
Pickup Plan ID_157,Pcp14,tr24,assign_tr24_Pcp14
Pickup Plan ID_158,Pcp25,tr5,assign_tr5_Pcp25
Pickup Plan ID_159,Pcp25,tr45,assign_tr45_Pcp25
Pickup Plan ID_160,Pcp11,tr29,assign_tr29_Pcp11
Pickup Plan ID_161,Pcp11,tr25,assign_tr25_Pcp11
Pickup Plan ID_162,Pcp96,tr1,assign_tr1_Pcp96
Pickup Plan ID_163,Pcp96,tr47,assign_tr47_Pcp96
Pickup Plan ID_164,Pcp92,tr3,assign_tr3_Pcp92
Pickup Plan ID_165,Pcp92,tr7,assign_tr7_Pcp92
Pickup Plan ID_166,Pcp85,tr42,assign_tr42_Pcp85
Pickup Plan ID_167,Pcp85,tr16,assign_tr16_Pcp85
Pickup Plan ID_168,Pcp80,tr8,assign_tr8_Pcp80
Pickup Plan ID_169,Pcp80,tr30,assign_tr30_Pcp80
Pickup Plan ID_170,Pcp35,tr13,assign_tr13_Pcp35
Pickup Plan ID_171,Pcp35,tr23,assign_tr23_Pcp35
Pickup Plan ID_172,Pcp88,tr31,assign_tr31_Pcp88
Pickup Plan ID_173,Pcp88,tr26,assign_tr26_Pcp88
Pickup Plan ID_174,Pcp82,tr5,assign_tr5_Pcp82
Pickup Plan ID_175,Pcp82,tr13,assign_tr13_Pcp82
Pickup Plan ID_176,Pcp78,tr9,assign_tr9_Pcp78
Pickup Plan ID_177,Pcp78,tr23,assign_tr23_Pcp78
Pickup Plan ID_178,Pcp61,tr42,assign_tr42_Pcp61
Pickup Plan ID_179,Pcp61,tr21,assign_tr21_Pcp61
Pickup Plan ID_180,Pcp57,tr30,assign_tr30_Pcp57
Pickup Plan ID_181,Pcp57,tr29,assign_tr29_Pcp57
Pickup Plan ID_182,Pcp32,tr20,assign_tr20_Pcp32
Pickup Plan ID_183,Pcp32,tr14,assign_tr14_Pcp32
Pickup Plan ID_184,Pcp58,tr23,assign_tr23_Pcp58
Pickup Plan ID_185,Pcp58,tr49,assign_tr49_Pcp58
Pickup Plan ID_186,Pcp37,tr35,assign_tr35_Pcp37
Pickup Plan ID_187,Pcp37,tr38,assign_tr38_Pcp37
Pickup Plan ID_188,Pcp75,tr20,assign_tr20_Pcp75
Pickup Plan ID_189,Pcp75,tr22,assign_tr22_Pcp75
Pickup Plan ID_190,Pcp62,tr39,assign_tr39_Pcp62
Pickup Plan ID_191,Pcp50,tr6,assign_tr6_Pcp50
Pickup Plan ID_192,Pcp50,tr46,assign_tr46_Pcp50
Pickup Plan ID_193,Pcp62,tr50,assign_tr50_Pcp62
Pickup Plan ID_194,Pcp77,tr8,assign_tr8_Pcp77
Pickup Plan ID_195,Pcp77,tr17,assign_tr17_Pcp77
Pickup Plan ID_196,Pcp51,tr23,assign_tr23_Pcp51
Pickup Plan ID_197,Pcp51,tr29,assign_tr29_Pcp51
Pickup Plan ID_198,Pcp70,tr29,assign_tr29_Pcp70
Pickup Plan ID_199,Pcp70,tr49,assign_tr49_Pcp70
