Event_id,Timestamp,Activity
Lodge_Pcp44,2024-04-29 08:04:44,Lodge Pickup Plan
Lodge_Pcp87,2024-04-29 08:12:32,Lodge Pickup Plan
Lodge_Pcp48,2024-04-29 08:31:44,Lodge Pickup Plan
Lodge_Pcp55,2024-04-29 08:32:30,Lodge Pickup Plan
Lodge_Pcp69,2024-04-29 08:39:46,Lodge Pickup Plan
Lodge_Pcp18,2024-04-29 08:46:20,Lodge Pickup Plan
Lodge_Pcp21,2024-04-29 08:58:14,Lodge Pickup Plan
Lodge_Pcp74,2024-04-29 09:07:13,Lodge Pickup Plan
Lodge_Pcp23,2024-04-29 09:07:35,Lodge Pickup Plan
Lodge_Pcp39,2024-04-29 09:10:45,Lodge Pickup Plan
Lodge_Pcp41,2024-04-29 09:19:03,Lodge Pickup Plan
Lodge_Pcp29,2024-04-29 09:25:16,Lodge Pickup Plan
Lodge_Pcp36,2024-04-29 09:29:40,Lodge Pickup Plan
Lodge_Pcp81,2024-04-29 09:29:57,Lodge Pickup Plan
Lodge_Pcp22,2024-04-29 09:31:44,Lodge Pickup Plan
Lodge_Pcp28,2024-04-29 09:46:28,Lodge Pickup Plan
Lodge_Pcp59,2024-04-29 09:47:00,Lodge Pickup Plan
Lodge_Pcp7,2024-04-29 09:49:45,Lodge Pickup Plan
Lodge_Pcp64,2024-04-29 09:53:26,Lodge Pickup Plan
Lodge_Pcp4,2024-04-29 09:57:41,Lodge Pickup Plan
Lodge_Pcp5,2024-04-29 09:58:47,Lodge Pickup Plan
Lodge_Pcp82,2024-04-29 10:00:12,Lodge Pickup Plan
Lodge_Pcp98,2024-04-29 10:07:21,Lodge Pickup Plan
Lodge_Pcp86,2024-04-29 10:08:38,Lodge Pickup Plan
Lodge_Pcp67,2024-04-29 10:19:50,Lodge Pickup Plan
Lodge_Pcp72,2024-04-29 10:26:34,Lodge Pickup Plan
Lodge_Pcp38,2024-04-29 10:32:00,Lodge Pickup Plan
Lodge_Pcp91,2024-04-29 10:35:44,Lodge Pickup Plan
Lodge_Pcp10,2024-04-29 10:36:01,Lodge Pickup Plan
Lodge_Pcp63,2024-04-29 10:39:37,Lodge Pickup Plan
Lodge_Pcp47,2024-04-29 10:44:58,Lodge Pickup Plan
Lodge_Pcp79,2024-04-29 10:52:22,Lodge Pickup Plan
Lodge_Pcp16,2024-04-29 10:57:06,Lodge Pickup Plan
Lodge_Pcp90,2024-04-29 11:03:31,Lodge Pickup Plan
Lodge_Pcp54,2024-04-29 11:11:06,Lodge Pickup Plan
Lodge_Pcp53,2024-04-29 11:17:06,Lodge Pickup Plan
Lodge_Pcp45,2024-04-29 11:20:04,Lodge Pickup Plan
Lodge_Pcp100,2024-04-29 11:34:06,Lodge Pickup Plan
Lodge_Pcp49,2024-04-29 11:34:47,Lodge Pickup Plan
Lodge_Pcp60,2024-04-29 11:42:49,Lodge Pickup Plan
Lodge_Pcp31,2024-04-29 11:53:08,Lodge Pickup Plan
Lodge_Pcp66,2024-04-29 11:58:28,Lodge Pickup Plan
Lodge_Pcp68,2024-04-29 12:04:03,Lodge Pickup Plan
Lodge_Pcp76,2024-04-29 12:13:27,Lodge Pickup Plan
Lodge_Pcp83,2024-04-29 12:14:55,Lodge Pickup Plan
Lodge_Pcp52,2024-04-29 12:15:05,Lodge Pickup Plan
Lodge_Pcp42,2024-04-29 13:23:11,Lodge Pickup Plan
Lodge_Pcp2,2024-04-29 13:27:32,Lodge Pickup Plan
Lodge_Pcp43,2024-04-29 13:28:05,Lodge Pickup Plan
Lodge_Pcp35,2024-04-29 13:34:03,Lodge Pickup Plan
Lodge_Pcp34,2024-04-29 14:00:34,Lodge Pickup Plan
Lodge_Pcp27,2024-04-29 14:03:46,Lodge Pickup Plan
Lodge_Pcp9,2024-04-29 14:11:24,Lodge Pickup Plan
Lodge_Pcp24,2024-04-29 14:13:18,Lodge Pickup Plan
Lodge_Pcp6,2024-04-29 14:26:20,Lodge Pickup Plan
Lodge_Pcp65,2024-04-29 14:32:35,Lodge Pickup Plan
Lodge_Pcp20,2024-04-29 14:38:02,Lodge Pickup Plan
Lodge_Pcp26,2024-04-29 14:50:08,Lodge Pickup Plan
Lodge_Pcp19,2024-04-29 14:53:46,Lodge Pickup Plan
Lodge_Pcp97,2024-04-29 15:14:43,Lodge Pickup Plan
Lodge_Pcp95,2024-04-29 15:20:33,Lodge Pickup Plan
Lodge_Pcp15,2024-04-29 15:23:27,Lodge Pickup Plan
Lodge_Pcp94,2024-04-29 15:23:36,Lodge Pickup Plan
Lodge_Pcp46,2024-04-29 15:29:30,Lodge Pickup Plan
Lodge_Pcp99,2024-04-29 15:33:22,Lodge Pickup Plan
Lodge_Pcp73,2024-04-29 15:35:00,Lodge Pickup Plan
Lodge_Pcp40,2024-04-29 15:35:17,Lodge Pickup Plan
Lodge_Pcp33,2024-04-29 15:39:56,Lodge Pickup Plan
Lodge_Pcp84,2024-04-29 15:41:42,Lodge Pickup Plan
Lodge_Pcp13,2024-04-29 15:49:04,Lodge Pickup Plan
Lodge_Pcp1,2024-04-29 16:02:43,Lodge Pickup Plan
Lodge_Pcp89,2024-04-29 16:05:13,Lodge Pickup Plan
Lodge_Pcp71,2024-04-29 16:12:54,Lodge Pickup Plan
Lodge_Pcp93,2024-04-29 16:19:27,Lodge Pickup Plan
Lodge_Pcp8,2024-04-29 16:23:22,Lodge Pickup Plan
Lodge_Pcp12,2024-04-29 16:39:13,Lodge Pickup Plan
Lodge_Pcp30,2024-04-29 16:42:22,Lodge Pickup Plan
Lodge_Pcp56,2024-04-29 16:47:21,Lodge Pickup Plan
Lodge_Pcp17,2024-04-29 16:51:51,Lodge Pickup Plan
Lodge_Pcp14,2024-04-29 16:57:21,Lodge Pickup Plan
Lodge_Pcp3,2024-04-29 16:57:25,Lodge Pickup Plan
Lodge_Pcp25,2024-04-29 17:04:01,Lodge Pickup Plan
Lodge_Pcp51,2024-04-29 17:12:46,Lodge Pickup Plan
Lodge_Pcp96,2024-04-29 17:13:30,Lodge Pickup Plan
Lodge_Pcp11,2024-04-29 17:13:44,Lodge Pickup Plan
Lodge_Pcp92,2024-04-29 17:55:20,Lodge Pickup Plan
Lodge_Pcp85,2024-04-29 19:09:02,Lodge Pickup Plan
Lodge_Pcp80,2024-04-29 19:34:21,Lodge Pickup Plan
Lodge_Pcp88,2024-04-30 07:40:40,Lodge Pickup Plan
Lodge_Pcp78,2024-04-30 08:14:40,Lodge Pickup Plan
Lodge_Pcp61,2024-04-30 08:21:24,Lodge Pickup Plan
Lodge_Pcp57,2024-04-30 08:27:54,Lodge Pickup Plan
Lodge_Pcp32,2024-04-30 08:54:41,Lodge Pickup Plan
Lodge_Pcp58,2024-04-30 09:02:13,Lodge Pickup Plan
Lodge_Pcp70,2024-04-30 09:11:03,Lodge Pickup Plan
Lodge_Pcp37,2024-04-30 09:33:26,Lodge Pickup Plan
Lodge_Pcp75,2024-04-30 09:48:21,Lodge Pickup Plan
Lodge_Pcp62,2024-04-30 11:13:27,Lodge Pickup Plan
Lodge_Pcp50,2024-04-30 11:14:56,Lodge Pickup Plan
Lodge_Pcp77,2024-04-30 12:06:41,Lodge Pickup Plan
assign_tr26_Pcp44,2024-05-01 08:05:48,Assign Truck
assign_tr49_Pcp44,2024-05-01 08:08:49,Assign Truck
weigh_empty_truck_Pcp44_tr26,2024-05-01 08:11:16,Weigh the Empty Truck
load_truck_Pcp44_tr26,2024-05-01 08:12:25,Load Truck
weigh_empty_truck_Pcp44_tr49,2024-05-01 08:13:08,Weigh the Empty Truck
assign_tr41_Pcp87,2024-05-01 08:13:40,Assign Truck
load_truck_Pcp44_tr49,2024-05-01 08:13:56,Load Truck
assign_tr22_Pcp87,2024-05-01 08:15:10,Assign Truck
weigh_empty_truck_Pcp87_tr41,2024-05-01 08:17:20,Weigh the Empty Truck
load_truck_Pcp87_tr41,2024-05-01 08:19:08,Load Truck
weigh_empty_truck_Pcp87_tr22,2024-05-01 08:20:50,Weigh the Empty Truck
load_truck_Pcp87_tr22,2024-05-01 08:22:55,Load Truck
weigh_loaded_truck_Pcp44_tr49,2024-05-01 08:31:53,Weigh the Loaded Truck
assign_tr11_Pcp48,2024-05-01 08:32:57,Assign Truck
assign_tr4_Pcp48,2024-05-01 08:33:10,Assign Truck
weigh_loaded_truck_Pcp87_tr41,2024-05-01 08:33:25,Weigh the Loaded Truck
assign_tr19_Pcp55,2024-05-01 08:33:56,Assign Truck
weigh_empty_truck_Pcp48_tr4,2024-05-01 08:33:56,Weigh the Empty Truck
assign_tr30_Pcp55,2024-05-01 08:34:12,Assign Truck
load_truck_Pcp48_tr4,2024-05-01 08:34:57,Load Truck
input_tally_sheet_Pcp44_tr49,2024-05-01 08:36:53,Input the Tally Sheet
print_w_ticket_Pcp44_tr49,2024-05-01 08:36:53,Print the Weighing Ticket
print_w_ticket_Pcp87_tr41,2024-05-01 08:37:00,Print the Weighing Ticket
input_tally_sheet_Pcp87_tr41,2024-05-01 08:37:00,Input the Tally Sheet
eval_trs_exit_tr49_Pcp44,2024-05-01 08:38:36,Evaluate the Truck Exit
weigh_empty_truck_Pcp55_tr30,2024-05-01 08:39:42,Weigh the Empty Truck
eval_trs_exit_tr41_Pcp87,2024-05-01 08:39:43,Evaluate the Truck Exit
assign_tr10_Pcp69,2024-05-01 08:40:27,Assign Truck
weigh_empty_truck_Pcp55_tr19,2024-05-01 08:40:35,Weigh the Empty Truck
assign_tr14_Pcp69,2024-05-01 08:40:47,Assign Truck
load_truck_Pcp55_tr30,2024-05-01 08:41:44,Load Truck
weigh_empty_truck_Pcp69_tr10,2024-05-01 08:42:14,Weigh the Empty Truck
load_truck_Pcp55_tr19,2024-05-01 08:42:25,Load Truck
load_truck_Pcp69_tr10,2024-05-01 08:43:42,Load Truck
weigh_empty_truck_Pcp48_tr11,2024-05-01 08:46:13,Weigh the Empty Truck
load_truck_Pcp48_tr11,2024-05-01 08:47:19,Load Truck
assign_tr18_Pcp18,2024-05-01 08:47:38,Assign Truck
assign_tr24_Pcp18,2024-05-01 08:47:58,Assign Truck
weigh_empty_truck_Pcp69_tr14,2024-05-01 08:49:03,Weigh the Empty Truck
weigh_loaded_truck_Pcp55_tr19,2024-05-01 08:50:17,Weigh the Loaded Truck
load_truck_Pcp69_tr14,2024-05-01 08:50:27,Load Truck
weigh_empty_truck_Pcp18_tr24,2024-05-01 08:50:27,Weigh the Empty Truck
weigh_empty_truck_Pcp18_tr18,2024-05-01 08:51:25,Weigh the Empty Truck
load_truck_Pcp18_tr24,2024-05-01 08:52:00,Load Truck
load_truck_Pcp18_tr18,2024-05-01 08:52:47,Load Truck
print_w_ticket_Pcp55_tr19,2024-05-01 08:53:28,Print the Weighing Ticket
input_tally_sheet_Pcp55_tr19,2024-05-01 08:53:28,Input the Tally Sheet
eval_trs_exit_tr19_Pcp55,2024-05-01 08:54:01,Evaluate the Truck Exit
assign_tr48_Pcp21,2024-05-01 09:00:17,Assign Truck
assign_tr33_Pcp21,2024-05-01 09:01:55,Assign Truck
weigh_empty_truck_Pcp21_tr33,2024-05-01 09:03:37,Weigh the Empty Truck
load_truck_Pcp21_tr33,2024-05-01 09:04:31,Load Truck
weigh_empty_truck_Pcp21_tr48,2024-05-01 09:06:23,Weigh the Empty Truck
load_truck_Pcp21_tr48,2024-05-01 09:06:57,Load Truck
assign_tr8_Pcp74,2024-05-01 09:08:12,Assign Truck
assign_tr43_Pcp74,2024-05-01 09:08:37,Assign Truck
assign_tr12_Pcp23,2024-05-01 09:08:58,Assign Truck
assign_tr41_Pcp23,2024-05-01 09:08:58,Assign Truck
weigh_empty_truck_Pcp23_tr12,2024-05-01 09:10:21,Weigh the Empty Truck
weigh_empty_truck_Pcp23_tr41,2024-05-01 09:10:24,Weigh the Empty Truck
weigh_loaded_truck_Pcp87_tr22,2024-05-01 09:10:58,Weigh the Loaded Truck
load_truck_Pcp23_tr41,2024-05-01 09:10:59,Load Truck
weigh_empty_truck_Pcp74_tr8,2024-05-01 09:11:27,Weigh the Empty Truck
load_truck_Pcp74_tr8,2024-05-01 09:12:06,Load Truck
load_truck_Pcp23_tr12,2024-05-01 09:12:06,Load Truck
assign_tr40_Pcp39,2024-05-01 09:12:37,Assign Truck
assign_tr36_Pcp39,2024-05-01 09:13:29,Assign Truck
weigh_empty_truck_Pcp39_tr36,2024-05-01 09:14:17,Weigh the Empty Truck
load_truck_Pcp39_tr36,2024-05-01 09:15:02,Load Truck
weigh_empty_truck_Pcp39_tr40,2024-05-01 09:17:17,Weigh the Empty Truck
weigh_empty_truck_Pcp74_tr43,2024-05-01 09:17:27,Weigh the Empty Truck
weigh_loaded_truck_Pcp18_tr24,2024-05-01 09:17:59,Weigh the Loaded Truck
load_truck_Pcp39_tr40,2024-05-01 09:18:28,Load Truck
load_truck_Pcp74_tr43,2024-05-01 09:18:48,Load Truck
weigh_loaded_truck_Pcp23_tr41,2024-05-01 09:19:13,Weigh the Loaded Truck
assign_tr37_Pcp41,2024-05-01 09:19:35,Assign Truck
assign_tr47_Pcp41,2024-05-01 09:19:45,Assign Truck
weigh_loaded_truck_Pcp21_tr48,2024-05-01 09:20:48,Weigh the Loaded Truck
weigh_empty_truck_Pcp41_tr37,2024-05-01 09:21:04,Weigh the Empty Truck
weigh_empty_truck_Pcp41_tr47,2024-05-01 09:22:07,Weigh the Empty Truck
input_tally_sheet_Pcp87_tr22,2024-05-01 09:22:11,Input the Tally Sheet
print_w_ticket_Pcp87_tr22,2024-05-01 09:22:11,Print the Weighing Ticket
load_truck_Pcp41_tr37,2024-05-01 09:22:23,Load Truck
weigh_loaded_truck_Pcp44_tr26,2024-05-01 09:22:25,Weigh the Loaded Truck
load_truck_Pcp41_tr47,2024-05-01 09:22:54,Load Truck
input_tally_sheet_Pcp21_tr48,2024-05-01 09:23:02,Input the Tally Sheet
print_w_ticket_Pcp21_tr48,2024-05-01 09:23:02,Print the Weighing Ticket
input_tally_sheet_Pcp23_tr41,2024-05-01 09:23:10,Input the Tally Sheet
print_w_ticket_Pcp23_tr41,2024-05-01 09:23:10,Print the Weighing Ticket
eval_trs_exit_tr48_Pcp21,2024-05-01 09:24:18,Evaluate the Truck Exit
eval_trs_exit_tr22_Pcp87,2024-05-01 09:24:34,Evaluate the Truck Exit
eval_trs_exit_tr41_Pcp23,2024-05-01 09:24:35,Evaluate the Truck Exit
input_tally_sheet_Pcp18_tr24,2024-05-01 09:26:21,Input the Tally Sheet
print_w_ticket_Pcp18_tr24,2024-05-01 09:26:21,Print the Weighing Ticket
weigh_loaded_truck_Pcp69_tr14,2024-05-01 09:26:25,Weigh the Loaded Truck
assign_tr20_Pcp29,2024-05-01 09:26:26,Assign Truck
input_tally_sheet_Pcp44_tr26,2024-05-01 09:26:37,Input the Tally Sheet
print_w_ticket_Pcp44_tr26,2024-05-01 09:26:37,Print the Weighing Ticket
eval_trs_exit_tr24_Pcp18,2024-05-01 09:27:22,Evaluate the Truck Exit
weigh_loaded_truck_Pcp69_tr10,2024-05-01 09:27:30,Weigh the Loaded Truck
assign_tr49_Pcp29,2024-05-01 09:27:39,Assign Truck
eval_trs_exit_tr26_Pcp44,2024-05-01 09:28:24,Evaluate the Truck Exit
input_tally_sheet_Pcp69_tr10,2024-05-01 09:29:20,Input the Tally Sheet
print_w_ticket_Pcp69_tr10,2024-05-01 09:29:20,Print the Weighing Ticket
weigh_loaded_truck_Pcp18_tr18,2024-05-01 09:29:40,Weigh the Loaded Truck
assign_tr3_Pcp81,2024-05-01 09:30:31,Assign Truck
assign_tr44_Pcp81,2024-05-01 09:30:51,Assign Truck
assign_tr6_Pcp36,2024-05-01 09:31:08,Assign Truck
eval_trs_exit_tr10_Pcp69,2024-05-01 09:31:23,Evaluate the Truck Exit
input_tally_sheet_Pcp69_tr14,2024-05-01 09:31:26,Input the Tally Sheet
print_w_ticket_Pcp69_tr14,2024-05-01 09:31:26,Print the Weighing Ticket
weigh_empty_truck_Pcp81_tr3,2024-05-01 09:32:05,Weigh the Empty Truck
input_tally_sheet_Pcp18_tr18,2024-05-01 09:32:15,Input the Tally Sheet
print_w_ticket_Pcp18_tr18,2024-05-01 09:32:15,Print the Weighing Ticket
assign_tr27_Pcp36,2024-05-01 09:32:17,Assign Truck
weigh_empty_truck_Pcp29_tr20,2024-05-01 09:32:21,Weigh the Empty Truck
assign_tr2_Pcp22,2024-05-01 09:32:38,Assign Truck
load_truck_Pcp81_tr3,2024-05-01 09:32:45,Load Truck
load_truck_Pcp29_tr20,2024-05-01 09:33:00,Load Truck
eval_trs_exit_tr18_Pcp18,2024-05-01 09:33:07,Evaluate the Truck Exit
eval_trs_exit_tr14_Pcp69,2024-05-01 09:33:15,Evaluate the Truck Exit
weigh_empty_truck_Pcp36_tr27,2024-05-01 09:33:39,Weigh the Empty Truck
weigh_loaded_truck_Pcp39_tr36,2024-05-01 09:33:47,Weigh the Loaded Truck
weigh_empty_truck_Pcp29_tr49,2024-05-01 09:34:21,Weigh the Empty Truck
assign_tr31_Pcp22,2024-05-01 09:34:21,Assign Truck
load_truck_Pcp36_tr27,2024-05-01 09:34:44,Load Truck
weigh_empty_truck_Pcp22_tr2,2024-05-01 09:35:11,Weigh the Empty Truck
weigh_loaded_truck_Pcp48_tr11,2024-05-01 09:36:04,Weigh the Loaded Truck
weigh_empty_truck_Pcp81_tr44,2024-05-01 09:37:13,Weigh the Empty Truck
load_truck_Pcp22_tr2,2024-05-01 09:37:31,Load Truck
load_truck_Pcp81_tr44,2024-05-01 09:38:28,Load Truck
input_tally_sheet_Pcp48_tr11,2024-05-01 09:38:51,Input the Tally Sheet
print_w_ticket_Pcp48_tr11,2024-05-01 09:38:51,Print the Weighing Ticket
load_truck_Pcp29_tr49,2024-05-01 09:39:26,Load Truck
weigh_empty_truck_Pcp36_tr6,2024-05-01 09:39:37,Weigh the Empty Truck
load_truck_Pcp36_tr6,2024-05-01 09:40:11,Load Truck
weigh_loaded_truck_Pcp23_tr12,2024-05-01 09:42:34,Weigh the Loaded Truck
weigh_empty_truck_Pcp22_tr31,2024-05-01 09:43:03,Weigh the Empty Truck
input_tally_sheet_Pcp39_tr36,2024-05-01 09:43:39,Input the Tally Sheet
print_w_ticket_Pcp39_tr36,2024-05-01 09:43:39,Print the Weighing Ticket
eval_trs_exit_tr11_Pcp48,2024-05-01 09:43:44,Evaluate the Truck Exit
weigh_loaded_truck_Pcp81_tr3,2024-05-01 09:43:44,Weigh the Loaded Truck
load_truck_Pcp22_tr31,2024-05-01 09:43:45,Load Truck
eval_trs_exit_tr36_Pcp39,2024-05-01 09:44:29,Evaluate the Truck Exit
weigh_loaded_truck_Pcp29_tr20,2024-05-01 09:44:35,Weigh the Loaded Truck
assign_tr10_Pcp28,2024-05-01 09:47:08,Assign Truck
assign_tr25_Pcp59,2024-05-01 09:47:32,Assign Truck
weigh_empty_truck_Pcp59_tr25,2024-05-01 09:48:10,Weigh the Empty Truck
assign_tr23_Pcp59,2024-05-01 09:48:16,Assign Truck
weigh_loaded_truck_Pcp48_tr4,2024-05-01 09:48:21,Weigh the Loaded Truck
load_truck_Pcp59_tr25,2024-05-01 09:48:40,Load Truck
weigh_empty_truck_Pcp59_tr23,2024-05-01 09:48:56,Weigh the Empty Truck
assign_tr38_Pcp28,2024-05-01 09:49:10,Assign Truck
weigh_empty_truck_Pcp28_tr10,2024-05-01 09:49:20,Weigh the Empty Truck
load_truck_Pcp59_tr23,2024-05-01 09:49:33,Load Truck
load_truck_Pcp28_tr10,2024-05-01 09:50:11,Load Truck
assign_tr42_Pcp7,2024-05-01 09:50:33,Assign Truck
input_tally_sheet_Pcp48_tr4,2024-05-01 09:50:43,Input the Tally Sheet
print_w_ticket_Pcp48_tr4,2024-05-01 09:50:43,Print the Weighing Ticket
eval_trs_exit_tr4_Pcp48,2024-05-01 09:51:47,Evaluate the Truck Exit
weigh_empty_truck_Pcp7_tr42,2024-05-01 09:51:47,Weigh the Empty Truck
weigh_empty_truck_Pcp28_tr38,2024-05-01 09:51:55,Weigh the Empty Truck
load_truck_Pcp28_tr38,2024-05-01 09:52:25,Load Truck
load_truck_Pcp7_tr42,2024-05-01 09:52:39,Load Truck
print_w_ticket_Pcp29_tr20,2024-05-01 09:52:40,Print the Weighing Ticket
input_tally_sheet_Pcp29_tr20,2024-05-01 09:52:40,Input the Tally Sheet
weigh_loaded_truck_Pcp55_tr30,2024-05-01 09:53:06,Weigh the Loaded Truck
assign_tr48_Pcp7,2024-05-01 09:53:07,Assign Truck
weigh_empty_truck_Pcp7_tr48,2024-05-01 09:53:37,Weigh the Empty Truck
eval_trs_exit_tr20_Pcp29,2024-05-01 09:53:55,Evaluate the Truck Exit
print_w_ticket_Pcp81_tr3,2024-05-01 09:54:18,Print the Weighing Ticket
input_tally_sheet_Pcp81_tr3,2024-05-01 09:54:18,Input the Tally Sheet
assign_tr35_Pcp64,2024-05-01 09:54:21,Assign Truck
assign_tr32_Pcp64,2024-05-01 09:54:28,Assign Truck
load_truck_Pcp7_tr48,2024-05-01 09:54:40,Load Truck
print_w_ticket_Pcp23_tr12,2024-05-01 09:56:04,Print the Weighing Ticket
input_tally_sheet_Pcp23_tr12,2024-05-01 09:56:04,Input the Tally Sheet
weigh_empty_truck_Pcp64_tr35,2024-05-01 09:56:52,Weigh the Empty Truck
eval_trs_exit_tr3_Pcp81,2024-05-01 09:56:52,Evaluate the Truck Exit
eval_trs_exit_tr12_Pcp23,2024-05-01 09:57:48,Evaluate the Truck Exit
weigh_empty_truck_Pcp64_tr32,2024-05-01 09:58:09,Weigh the Empty Truck
weigh_loaded_truck_Pcp41_tr37,2024-05-01 09:58:12,Weigh the Loaded Truck
assign_tr17_Pcp4,2024-05-01 09:58:43,Assign Truck
assign_tr24_Pcp4,2024-05-01 09:59:03,Assign Truck
load_truck_Pcp64_tr35,2024-05-01 09:59:11,Load Truck
load_truck_Pcp64_tr32,2024-05-01 09:59:25,Load Truck
assign_tr39_Pcp5,2024-05-01 09:59:41,Assign Truck
input_tally_sheet_Pcp41_tr37,2024-05-01 09:59:54,Input the Tally Sheet
print_w_ticket_Pcp41_tr37,2024-05-01 09:59:54,Print the Weighing Ticket
weigh_empty_truck_Pcp4_tr17,2024-05-01 10:02:05,Weigh the Empty Truck
assign_tr22_Pcp5,2024-05-01 10:02:06,Assign Truck
weigh_empty_truck_Pcp5_tr22,2024-05-01 10:02:51,Weigh the Empty Truck
load_truck_Pcp4_tr17,2024-05-01 10:03:06,Load Truck
print_w_ticket_Pcp55_tr30,2024-05-01 10:04:09,Print the Weighing Ticket
input_tally_sheet_Pcp55_tr30,2024-05-01 10:04:09,Input the Tally Sheet
eval_trs_exit_tr37_Pcp41,2024-05-01 10:04:13,Evaluate the Truck Exit
weigh_loaded_truck_Pcp74_tr43,2024-05-01 10:04:41,Weigh the Loaded Truck
load_truck_Pcp5_tr22,2024-05-01 10:05:32,Load Truck
weigh_loaded_truck_Pcp81_tr44,2024-05-01 10:05:35,Weigh the Loaded Truck
eval_trs_exit_tr30_Pcp55,2024-05-01 10:06:53,Evaluate the Truck Exit
weigh_loaded_truck_Pcp22_tr2,2024-05-01 10:07:08,Weigh the Loaded Truck
weigh_empty_truck_Pcp5_tr39,2024-05-01 10:07:45,Weigh the Empty Truck
weigh_loaded_truck_Pcp41_tr47,2024-05-01 10:08:12,Weigh the Loaded Truck
assign_tr3_Pcp98,2024-05-01 10:08:12,Assign Truck
input_tally_sheet_Pcp74_tr43,2024-05-01 10:09:15,Input the Tally Sheet
print_w_ticket_Pcp74_tr43,2024-05-01 10:09:15,Print the Weighing Ticket
assign_tr46_Pcp86,2024-05-01 10:09:21,Assign Truck
assign_tr28_Pcp86,2024-05-01 10:09:22,Assign Truck
weigh_empty_truck_Pcp98_tr3,2024-05-01 10:09:26,Weigh the Empty Truck
weigh_loaded_truck_Pcp64_tr35,2024-05-01 10:09:32,Weigh the Loaded Truck
weigh_empty_truck_Pcp4_tr24,2024-05-01 10:09:57,Weigh the Empty Truck
eval_trs_exit_tr43_Pcp74,2024-05-01 10:10:07,Evaluate the Truck Exit
load_truck_Pcp4_tr24,2024-05-01 10:10:42,Load Truck
load_truck_Pcp98_tr3,2024-05-01 10:10:48,Load Truck
weigh_loaded_truck_Pcp22_tr31,2024-05-01 10:10:56,Weigh the Loaded Truck
print_w_ticket_Pcp22_tr2,2024-05-01 10:11:02,Print the Weighing Ticket
input_tally_sheet_Pcp22_tr2,2024-05-01 10:11:02,Input the Tally Sheet
load_truck_Pcp5_tr39,2024-05-01 10:11:10,Load Truck
print_w_ticket_Pcp64_tr35,2024-05-01 10:11:15,Print the Weighing Ticket
input_tally_sheet_Pcp64_tr35,2024-05-01 10:11:15,Input the Tally Sheet
assign_tr19_Pcp98,2024-05-01 10:11:38,Assign Truck
print_w_ticket_Pcp81_tr44,2024-05-01 10:12:14,Print the Weighing Ticket
input_tally_sheet_Pcp81_tr44,2024-05-01 10:12:14,Input the Tally Sheet
weigh_empty_truck_Pcp98_tr19,2024-05-01 10:12:24,Weigh the Empty Truck
weigh_loaded_truck_Pcp28_tr38,2024-05-01 10:12:41,Weigh the Loaded Truck
input_tally_sheet_Pcp41_tr47,2024-05-01 10:12:42,Input the Tally Sheet
print_w_ticket_Pcp41_tr47,2024-05-01 10:12:42,Print the Weighing Ticket
eval_trs_exit_tr44_Pcp81,2024-05-01 10:13:27,Evaluate the Truck Exit
weigh_loaded_truck_Pcp74_tr8,2024-05-01 10:13:31,Weigh the Loaded Truck
eval_trs_exit_tr47_Pcp41,2024-05-01 10:14:09,Evaluate the Truck Exit
load_truck_Pcp98_tr19,2024-05-01 10:14:30,Load Truck
eval_trs_exit_tr35_Pcp64,2024-05-01 10:14:33,Evaluate the Truck Exit
eval_trs_exit_tr2_Pcp22,2024-05-01 10:14:40,Evaluate the Truck Exit
input_tally_sheet_Pcp28_tr38,2024-05-01 10:15:09,Input the Tally Sheet
print_w_ticket_Pcp28_tr38,2024-05-01 10:15:09,Print the Weighing Ticket
weigh_empty_truck_Pcp86_tr28,2024-05-01 10:15:40,Weigh the Empty Truck
weigh_loaded_truck_Pcp59_tr25,2024-05-01 10:16:03,Weigh the Loaded Truck
load_truck_Pcp86_tr28,2024-05-01 10:16:57,Load Truck
eval_trs_exit_tr38_Pcp28,2024-05-01 10:17:02,Evaluate the Truck Exit
print_w_ticket_Pcp74_tr8,2024-05-01 10:17:46,Print the Weighing Ticket
input_tally_sheet_Pcp74_tr8,2024-05-01 10:17:46,Input the Tally Sheet
weigh_empty_truck_Pcp86_tr46,2024-05-01 10:18:06,Weigh the Empty Truck
input_tally_sheet_Pcp59_tr25,2024-05-01 10:18:12,Input the Tally Sheet
print_w_ticket_Pcp59_tr25,2024-05-01 10:18:12,Print the Weighing Ticket
print_w_ticket_Pcp22_tr31,2024-05-01 10:18:18,Print the Weighing Ticket
input_tally_sheet_Pcp22_tr31,2024-05-01 10:18:18,Input the Tally Sheet
eval_trs_exit_tr8_Pcp74,2024-05-01 10:18:33,Evaluate the Truck Exit
eval_trs_exit_tr31_Pcp22,2024-05-01 10:20:27,Evaluate the Truck Exit
assign_tr15_Pcp67,2024-05-01 10:20:47,Assign Truck
assign_tr14_Pcp67,2024-05-01 10:20:48,Assign Truck
weigh_empty_truck_Pcp67_tr15,2024-05-01 10:22:07,Weigh the Empty Truck
load_truck_Pcp67_tr15,2024-05-01 10:22:55,Load Truck
load_truck_Pcp86_tr46,2024-05-01 10:23:25,Load Truck
eval_trs_exit_tr25_Pcp59,2024-05-01 10:23:46,Evaluate the Truck Exit
weigh_loaded_truck_Pcp59_tr23,2024-05-01 10:26:52,Weigh the Loaded Truck
weigh_loaded_truck_Pcp5_tr22,2024-05-01 10:26:59,Weigh the Loaded Truck
weigh_loaded_truck_Pcp36_tr27,2024-05-01 10:27:12,Weigh the Loaded Truck
assign_tr44_Pcp72,2024-05-01 10:27:59,Assign Truck
assign_tr29_Pcp72,2024-05-01 10:28:06,Assign Truck
input_tally_sheet_Pcp59_tr23,2024-05-01 10:29:59,Input the Tally Sheet
print_w_ticket_Pcp59_tr23,2024-05-01 10:29:59,Print the Weighing Ticket
weigh_loaded_truck_Pcp36_tr6,2024-05-01 10:30:22,Weigh the Loaded Truck
weigh_loaded_truck_Pcp67_tr15,2024-05-01 10:30:54,Weigh the Loaded Truck
eval_trs_exit_tr23_Pcp59,2024-05-01 10:31:45,Evaluate the Truck Exit
weigh_empty_truck_Pcp72_tr29,2024-05-01 10:32:20,Weigh the Empty Truck
assign_tr12_Pcp38,2024-05-01 10:32:37,Assign Truck
weigh_empty_truck_Pcp67_tr14,2024-05-01 10:32:38,Weigh the Empty Truck
assign_tr25_Pcp38,2024-05-01 10:32:42,Assign Truck
print_w_ticket_Pcp5_tr22,2024-05-01 10:32:55,Print the Weighing Ticket
print_w_ticket_Pcp36_tr27,2024-05-01 10:32:55,Print the Weighing Ticket
input_tally_sheet_Pcp5_tr22,2024-05-01 10:32:55,Input the Tally Sheet
input_tally_sheet_Pcp36_tr27,2024-05-01 10:32:55,Input the Tally Sheet
load_truck_Pcp67_tr14,2024-05-01 10:33:34,Load Truck
load_truck_Pcp72_tr29,2024-05-01 10:33:46,Load Truck
weigh_empty_truck_Pcp38_tr12,2024-05-01 10:34:29,Weigh the Empty Truck
eval_trs_exit_tr22_Pcp5,2024-05-01 10:34:39,Evaluate the Truck Exit
eval_trs_exit_tr27_Pcp36,2024-05-01 10:34:46,Evaluate the Truck Exit
load_truck_Pcp38_tr12,2024-05-01 10:35:03,Load Truck
input_tally_sheet_Pcp36_tr6,2024-05-01 10:36:29,Input the Tally Sheet
print_w_ticket_Pcp36_tr6,2024-05-01 10:36:29,Print the Weighing Ticket
assign_tr31_Pcp10,2024-05-01 10:36:31,Assign Truck
weigh_loaded_truck_Pcp7_tr42,2024-05-01 10:36:44,Weigh the Loaded Truck
assign_tr36_Pcp91,2024-05-01 10:37:46,Assign Truck
assign_tr38_Pcp10,2024-05-01 10:38:01,Assign Truck
eval_trs_exit_tr6_Pcp36,2024-05-01 10:38:07,Evaluate the Truck Exit
weigh_empty_truck_Pcp72_tr44,2024-05-01 10:38:23,Weigh the Empty Truck
assign_tr21_Pcp91,2024-05-01 10:39:31,Assign Truck
assign_tr41_Pcp63,2024-05-01 10:40:20,Assign Truck
print_w_ticket_Pcp67_tr15,2024-05-01 10:40:41,Print the Weighing Ticket
input_tally_sheet_Pcp67_tr15,2024-05-01 10:40:41,Input the Tally Sheet
eval_trs_exit_tr15_Pcp67,2024-05-01 10:41:16,Evaluate the Truck Exit
weigh_empty_truck_Pcp10_tr38,2024-05-01 10:41:24,Weigh the Empty Truck
load_truck_Pcp72_tr44,2024-05-01 10:41:26,Load Truck
weigh_loaded_truck_Pcp86_tr28,2024-05-01 10:41:39,Weigh the Loaded Truck
weigh_empty_truck_Pcp63_tr41,2024-05-01 10:41:41,Weigh the Empty Truck
weigh_empty_truck_Pcp38_tr25,2024-05-01 10:41:48,Weigh the Empty Truck
weigh_empty_truck_Pcp10_tr31,2024-05-01 10:41:59,Weigh the Empty Truck
load_truck_Pcp38_tr25,2024-05-01 10:42:36,Load Truck
load_truck_Pcp10_tr38,2024-05-01 10:42:40,Load Truck
print_w_ticket_Pcp7_tr42,2024-05-01 10:42:59,Print the Weighing Ticket
input_tally_sheet_Pcp7_tr42,2024-05-01 10:42:59,Input the Tally Sheet
assign_tr8_Pcp63,2024-05-01 10:43:10,Assign Truck
load_truck_Pcp63_tr41,2024-05-01 10:43:25,Load Truck
load_truck_Pcp10_tr31,2024-05-01 10:43:47,Load Truck
eval_trs_exit_tr42_Pcp7,2024-05-01 10:45:20,Evaluate the Truck Exit
weigh_empty_truck_Pcp91_tr21,2024-05-01 10:45:38,Weigh the Empty Truck
weigh_loaded_truck_Pcp38_tr12,2024-05-01 10:46:00,Weigh the Loaded Truck
load_truck_Pcp91_tr21,2024-05-01 10:46:09,Load Truck
assign_tr35_Pcp47,2024-05-01 10:46:26,Assign Truck
weigh_empty_truck_Pcp91_tr36,2024-05-01 10:46:30,Weigh the Empty Truck
print_w_ticket_Pcp38_tr12,2024-05-01 10:47:11,Print the Weighing Ticket
input_tally_sheet_Pcp38_tr12,2024-05-01 10:47:11,Input the Tally Sheet
weigh_loaded_truck_Pcp86_tr46,2024-05-01 10:47:38,Weigh the Loaded Truck
load_truck_Pcp91_tr36,2024-05-01 10:48:23,Load Truck
weigh_loaded_truck_Pcp63_tr41,2024-05-01 10:49:05,Weigh the Loaded Truck
assign_tr1_Pcp47,2024-05-01 10:49:20,Assign Truck
eval_trs_exit_tr12_Pcp38,2024-05-01 10:49:47,Evaluate the Truck Exit
weigh_loaded_truck_Pcp4_tr24,2024-05-01 10:50:44,Weigh the Loaded Truck
weigh_empty_truck_Pcp47_tr35,2024-05-01 10:51:28,Weigh the Empty Truck
print_w_ticket_Pcp86_tr46,2024-05-01 10:51:43,Print the Weighing Ticket
input_tally_sheet_Pcp86_tr46,2024-05-01 10:51:43,Input the Tally Sheet
weigh_loaded_truck_Pcp98_tr19,2024-05-01 10:51:51,Weigh the Loaded Truck
print_w_ticket_Pcp63_tr41,2024-05-01 10:51:51,Print the Weighing Ticket
input_tally_sheet_Pcp63_tr41,2024-05-01 10:51:51,Input the Tally Sheet
print_w_ticket_Pcp4_tr24,2024-05-01 10:52:31,Print the Weighing Ticket
input_tally_sheet_Pcp4_tr24,2024-05-01 10:52:31,Input the Tally Sheet
eval_trs_exit_tr46_Pcp86,2024-05-01 10:52:38,Evaluate the Truck Exit
load_truck_Pcp47_tr35,2024-05-01 10:52:41,Load Truck
print_w_ticket_Pcp86_tr28,2024-05-01 10:52:53,Print the Weighing Ticket
input_tally_sheet_Pcp86_tr28,2024-05-01 10:52:53,Input the Tally Sheet
assign_tr13_Pcp79,2024-05-01 10:53:06,Assign Truck
assign_tr27_Pcp79,2024-05-01 10:53:21,Assign Truck
eval_trs_exit_tr41_Pcp63,2024-05-01 10:53:26,Evaluate the Truck Exit
eval_trs_exit_tr24_Pcp4,2024-05-01 10:53:27,Evaluate the Truck Exit
weigh_loaded_truck_Pcp21_tr33,2024-05-01 10:53:29,Weigh the Loaded Truck
print_w_ticket_Pcp98_tr19,2024-05-01 10:54:38,Print the Weighing Ticket
input_tally_sheet_Pcp98_tr19,2024-05-01 10:54:38,Input the Tally Sheet
weigh_empty_truck_Pcp63_tr8,2024-05-01 10:55:04,Weigh the Empty Truck
eval_trs_exit_tr19_Pcp98,2024-05-01 10:55:22,Evaluate the Truck Exit
weigh_empty_truck_Pcp47_tr1,2024-05-01 10:56:05,Weigh the Empty Truck
weigh_empty_truck_Pcp79_tr13,2024-05-01 10:56:07,Weigh the Empty Truck
weigh_loaded_truck_Pcp72_tr44,2024-05-01 10:56:09,Weigh the Loaded Truck
load_truck_Pcp47_tr1,2024-05-01 10:56:44,Load Truck
weigh_loaded_truck_Pcp98_tr3,2024-05-01 10:56:55,Weigh the Loaded Truck
weigh_loaded_truck_Pcp10_tr31,2024-05-01 10:57:35,Weigh the Loaded Truck
assign_tr4_Pcp16,2024-05-01 10:57:54,Assign Truck
weigh_empty_truck_Pcp79_tr27,2024-05-01 10:58:48,Weigh the Empty Truck
load_truck_Pcp63_tr8,2024-05-01 10:58:48,Load Truck
weigh_loaded_truck_Pcp28_tr10,2024-05-01 10:59:03,Weigh the Loaded Truck
load_truck_Pcp79_tr13,2024-05-01 10:59:15,Load Truck
weigh_loaded_truck_Pcp91_tr36,2024-05-01 10:59:24,Weigh the Loaded Truck
weigh_loaded_truck_Pcp10_tr38,2024-05-01 10:59:25,Weigh the Loaded Truck
load_truck_Pcp79_tr27,2024-05-01 10:59:46,Load Truck
assign_tr18_Pcp16,2024-05-01 10:59:56,Assign Truck
eval_trs_exit_tr28_Pcp86,2024-05-01 11:00:33,Evaluate the Truck Exit
input_tally_sheet_Pcp21_tr33,2024-05-01 11:00:36,Input the Tally Sheet
print_w_ticket_Pcp21_tr33,2024-05-01 11:00:36,Print the Weighing Ticket
weigh_empty_truck_Pcp16_tr18,2024-05-01 11:01:41,Weigh the Empty Truck
load_truck_Pcp16_tr18,2024-05-01 11:02:23,Load Truck
input_tally_sheet_Pcp10_tr31,2024-05-01 11:02:41,Input the Tally Sheet
print_w_ticket_Pcp10_tr31,2024-05-01 11:02:41,Print the Weighing Ticket
weigh_empty_truck_Pcp16_tr4,2024-05-01 11:02:48,Weigh the Empty Truck
eval_trs_exit_tr31_Pcp10,2024-05-01 11:03:50,Evaluate the Truck Exit
weigh_loaded_truck_Pcp91_tr21,2024-05-01 11:03:56,Weigh the Loaded Truck
load_truck_Pcp16_tr4,2024-05-01 11:04:00,Load Truck
weigh_loaded_truck_Pcp5_tr39,2024-05-01 11:04:07,Weigh the Loaded Truck
weigh_loaded_truck_Pcp4_tr17,2024-05-01 11:04:58,Weigh the Loaded Truck
input_tally_sheet_Pcp28_tr10,2024-05-01 11:05:02,Input the Tally Sheet
print_w_ticket_Pcp28_tr10,2024-05-01 11:05:02,Print the Weighing Ticket
input_tally_sheet_Pcp91_tr36,2024-05-01 11:05:22,Input the Tally Sheet
print_w_ticket_Pcp91_tr36,2024-05-01 11:05:22,Print the Weighing Ticket
assign_tr11_Pcp90,2024-05-01 11:05:43,Assign Truck
eval_trs_exit_tr33_Pcp21,2024-05-01 11:05:48,Evaluate the Truck Exit
eval_trs_exit_tr10_Pcp28,2024-05-01 11:06:12,Evaluate the Truck Exit
assign_tr15_Pcp90,2024-05-01 11:06:47,Assign Truck
input_tally_sheet_Pcp91_tr21,2024-05-01 11:06:59,Input the Tally Sheet
print_w_ticket_Pcp91_tr21,2024-05-01 11:06:59,Print the Weighing Ticket
weigh_loaded_truck_Pcp39_tr40,2024-05-01 11:07:05,Weigh the Loaded Truck
print_w_ticket_Pcp5_tr39,2024-05-01 11:07:39,Print the Weighing Ticket
input_tally_sheet_Pcp5_tr39,2024-05-01 11:07:39,Input the Tally Sheet
weigh_empty_truck_Pcp90_tr11,2024-05-01 11:07:57,Weigh the Empty Truck
input_tally_sheet_Pcp72_tr44,2024-05-01 11:08:19,Input the Tally Sheet
print_w_ticket_Pcp72_tr44,2024-05-01 11:08:19,Print the Weighing Ticket
eval_trs_exit_tr21_Pcp91,2024-05-01 11:08:44,Evaluate the Truck Exit
eval_trs_exit_tr44_Pcp72,2024-05-01 11:09:04,Evaluate the Truck Exit
eval_trs_exit_tr36_Pcp91,2024-05-01 11:09:11,Evaluate the Truck Exit
print_w_ticket_Pcp10_tr38,2024-05-01 11:09:19,Print the Weighing Ticket
input_tally_sheet_Pcp10_tr38,2024-05-01 11:09:19,Input the Tally Sheet
load_truck_Pcp90_tr11,2024-05-01 11:09:26,Load Truck
weigh_loaded_truck_Pcp29_tr49,2024-05-01 11:09:44,Weigh the Loaded Truck
eval_trs_exit_tr39_Pcp5,2024-05-01 11:09:52,Evaluate the Truck Exit
weigh_empty_truck_Pcp90_tr15,2024-05-01 11:11:16,Weigh the Empty Truck
eval_trs_exit_tr38_Pcp10,2024-05-01 11:12:26,Evaluate the Truck Exit
input_tally_sheet_Pcp39_tr40,2024-05-01 11:12:35,Input the Tally Sheet
print_w_ticket_Pcp39_tr40,2024-05-01 11:12:35,Print the Weighing Ticket
assign_tr34_Pcp54,2024-05-01 11:12:37,Assign Truck
print_w_ticket_Pcp98_tr3,2024-05-01 11:12:47,Print the Weighing Ticket
input_tally_sheet_Pcp98_tr3,2024-05-01 11:12:47,Input the Tally Sheet
weigh_empty_truck_Pcp54_tr34,2024-05-01 11:13:25,Weigh the Empty Truck
load_truck_Pcp90_tr15,2024-05-01 11:13:36,Load Truck
load_truck_Pcp54_tr34,2024-05-01 11:13:58,Load Truck
input_tally_sheet_Pcp29_tr49,2024-05-01 11:14:04,Input the Tally Sheet
print_w_ticket_Pcp29_tr49,2024-05-01 11:14:04,Print the Weighing Ticket
assign_tr16_Pcp54,2024-05-01 11:14:15,Assign Truck
eval_trs_exit_tr40_Pcp39,2024-05-01 11:14:18,Evaluate the Truck Exit
eval_trs_exit_tr3_Pcp98,2024-05-01 11:14:40,Evaluate the Truck Exit
print_w_ticket_Pcp4_tr17,2024-05-01 11:14:46,Print the Weighing Ticket
input_tally_sheet_Pcp4_tr17,2024-05-01 11:14:46,Input the Tally Sheet
eval_trs_exit_tr49_Pcp29,2024-05-01 11:14:55,Evaluate the Truck Exit
eval_trs_exit_tr17_Pcp4,2024-05-01 11:17:04,Evaluate the Truck Exit
assign_tr5_Pcp53,2024-05-01 11:18:49,Assign Truck
weigh_empty_truck_Pcp53_tr5,2024-05-01 11:20:18,Weigh the Empty Truck
assign_tr41_Pcp53,2024-05-01 11:20:25,Assign Truck
weigh_empty_truck_Pcp54_tr16,2024-05-01 11:20:29,Weigh the Empty Truck
assign_tr30_Pcp45,2024-05-01 11:20:46,Assign Truck
weigh_empty_truck_Pcp53_tr41,2024-05-01 11:20:58,Weigh the Empty Truck
assign_tr33_Pcp45,2024-05-01 11:21:03,Assign Truck
weigh_loaded_truck_Pcp79_tr13,2024-05-01 11:21:22,Weigh the Loaded Truck
load_truck_Pcp54_tr16,2024-05-01 11:22:25,Load Truck
weigh_loaded_truck_Pcp67_tr14,2024-05-01 11:22:49,Weigh the Loaded Truck
weigh_empty_truck_Pcp45_tr33,2024-05-01 11:22:51,Weigh the Empty Truck
load_truck_Pcp53_tr41,2024-05-01 11:23:10,Load Truck
load_truck_Pcp53_tr5,2024-05-01 11:23:26,Load Truck
load_truck_Pcp45_tr33,2024-05-01 11:24:20,Load Truck
weigh_loaded_truck_Pcp63_tr8,2024-05-01 11:26:29,Weigh the Loaded Truck
weigh_loaded_truck_Pcp79_tr27,2024-05-01 11:26:37,Weigh the Loaded Truck
weigh_loaded_truck_Pcp54_tr34,2024-05-01 11:26:52,Weigh the Loaded Truck
print_w_ticket_Pcp79_tr13,2024-05-01 11:27:16,Print the Weighing Ticket
input_tally_sheet_Pcp79_tr13,2024-05-01 11:27:16,Input the Tally Sheet
print_w_ticket_Pcp67_tr14,2024-05-01 11:27:44,Print the Weighing Ticket
input_tally_sheet_Pcp67_tr14,2024-05-01 11:27:44,Input the Tally Sheet
weigh_loaded_truck_Pcp16_tr18,2024-05-01 11:27:52,Weigh the Loaded Truck
weigh_empty_truck_Pcp45_tr30,2024-05-01 11:28:11,Weigh the Empty Truck
print_w_ticket_Pcp54_tr34,2024-05-01 11:28:24,Print the Weighing Ticket
input_tally_sheet_Pcp54_tr34,2024-05-01 11:28:24,Input the Tally Sheet
input_tally_sheet_Pcp63_tr8,2024-05-01 11:29:05,Input the Tally Sheet
print_w_ticket_Pcp63_tr8,2024-05-01 11:29:05,Print the Weighing Ticket
eval_trs_exit_tr13_Pcp79,2024-05-01 11:29:08,Evaluate the Truck Exit
eval_trs_exit_tr14_Pcp67,2024-05-01 11:29:45,Evaluate the Truck Exit
weigh_loaded_truck_Pcp53_tr41,2024-05-01 11:29:49,Weigh the Loaded Truck
print_w_ticket_Pcp16_tr18,2024-05-01 11:31:02,Print the Weighing Ticket
input_tally_sheet_Pcp16_tr18,2024-05-01 11:31:02,Input the Tally Sheet
eval_trs_exit_tr8_Pcp63,2024-05-01 11:31:16,Evaluate the Truck Exit
load_truck_Pcp45_tr30,2024-05-01 11:31:27,Load Truck
input_tally_sheet_Pcp79_tr27,2024-05-01 11:32:51,Input the Tally Sheet
print_w_ticket_Pcp79_tr27,2024-05-01 11:32:51,Print the Weighing Ticket
weigh_loaded_truck_Pcp47_tr35,2024-05-01 11:32:54,Weigh the Loaded Truck
eval_trs_exit_tr27_Pcp79,2024-05-01 11:34:21,Evaluate the Truck Exit
eval_trs_exit_tr18_Pcp16,2024-05-01 11:34:33,Evaluate the Truck Exit
assign_tr43_Pcp100,2024-05-01 11:34:37,Assign Truck
assign_tr21_Pcp100,2024-05-01 11:34:45,Assign Truck
weigh_loaded_truck_Pcp72_tr29,2024-05-01 11:34:57,Weigh the Loaded Truck
weigh_loaded_truck_Pcp53_tr5,2024-05-01 11:35:03,Weigh the Loaded Truck
print_w_ticket_Pcp53_tr41,2024-05-01 11:35:33,Print the Weighing Ticket
input_tally_sheet_Pcp53_tr41,2024-05-01 11:35:33,Input the Tally Sheet
weigh_empty_truck_Pcp100_tr21,2024-05-01 11:36:06,Weigh the Empty Truck
load_truck_Pcp100_tr21,2024-05-01 11:36:56,Load Truck
input_tally_sheet_Pcp72_tr29,2024-05-01 11:37:06,Input the Tally Sheet
print_w_ticket_Pcp72_tr29,2024-05-01 11:37:06,Print the Weighing Ticket
input_tally_sheet_Pcp47_tr35,2024-05-01 11:37:28,Input the Tally Sheet
print_w_ticket_Pcp47_tr35,2024-05-01 11:37:28,Print the Weighing Ticket
print_w_ticket_Pcp53_tr5,2024-05-01 11:37:38,Print the Weighing Ticket
input_tally_sheet_Pcp53_tr5,2024-05-01 11:37:38,Input the Tally Sheet
assign_tr46_Pcp49,2024-05-01 11:37:50,Assign Truck
eval_trs_exit_tr34_Pcp54,2024-05-01 11:38:02,Evaluate the Truck Exit
eval_trs_exit_tr41_Pcp53,2024-05-01 11:38:04,Evaluate the Truck Exit
assign_tr28_Pcp49,2024-05-01 11:38:13,Assign Truck
weigh_loaded_truck_Pcp90_tr11,2024-05-01 11:38:15,Weigh the Loaded Truck
eval_trs_exit_tr35_Pcp47,2024-05-01 11:38:38,Evaluate the Truck Exit
eval_trs_exit_tr29_Pcp72,2024-05-01 11:39:02,Evaluate the Truck Exit
eval_trs_exit_tr5_Pcp53,2024-05-01 11:39:24,Evaluate the Truck Exit
weigh_empty_truck_Pcp49_tr28,2024-05-01 11:39:43,Weigh the Empty Truck
load_truck_Pcp49_tr28,2024-05-01 11:40:13,Load Truck
input_tally_sheet_Pcp90_tr11,2024-05-01 11:41:19,Input the Tally Sheet
print_w_ticket_Pcp90_tr11,2024-05-01 11:41:19,Print the Weighing Ticket
eval_trs_exit_tr11_Pcp90,2024-05-01 11:42:30,Evaluate the Truck Exit
assign_tr2_Pcp60,2024-05-01 11:43:21,Assign Truck
assign_tr22_Pcp60,2024-05-01 11:43:47,Assign Truck
weigh_loaded_truck_Pcp90_tr15,2024-05-01 11:44:01,Weigh the Loaded Truck
weigh_empty_truck_Pcp49_tr46,2024-05-01 11:44:47,Weigh the Empty Truck
load_truck_Pcp49_tr46,2024-05-01 11:45:37,Load Truck
weigh_empty_truck_Pcp60_tr2,2024-05-01 11:45:47,Weigh the Empty Truck
weigh_loaded_truck_Pcp38_tr25,2024-05-01 11:45:56,Weigh the Loaded Truck
load_truck_Pcp60_tr2,2024-05-01 11:46:52,Load Truck
weigh_loaded_truck_Pcp16_tr4,2024-05-01 11:47:07,Weigh the Loaded Truck
weigh_loaded_truck_Pcp45_tr30,2024-05-01 11:47:13,Weigh the Loaded Truck
weigh_empty_truck_Pcp100_tr43,2024-05-01 11:48:04,Weigh the Empty Truck
input_tally_sheet_Pcp90_tr15,2024-05-01 11:48:07,Input the Tally Sheet
print_w_ticket_Pcp90_tr15,2024-05-01 11:48:07,Print the Weighing Ticket
weigh_loaded_truck_Pcp49_tr28,2024-05-01 11:48:33,Weigh the Loaded Truck
load_truck_Pcp100_tr43,2024-05-01 11:49:13,Load Truck
eval_trs_exit_tr15_Pcp90,2024-05-01 11:49:44,Evaluate the Truck Exit
print_w_ticket_Pcp38_tr25,2024-05-01 11:52:31,Print the Weighing Ticket
input_tally_sheet_Pcp38_tr25,2024-05-01 11:52:31,Input the Tally Sheet
input_tally_sheet_Pcp49_tr28,2024-05-01 11:53:28,Input the Tally Sheet
print_w_ticket_Pcp49_tr28,2024-05-01 11:53:28,Print the Weighing Ticket
assign_tr41_Pcp31,2024-05-01 11:54:08,Assign Truck
eval_trs_exit_tr25_Pcp38,2024-05-01 11:54:10,Evaluate the Truck Exit
assign_tr50_Pcp31,2024-05-01 11:54:58,Assign Truck
weigh_empty_truck_Pcp31_tr50,2024-05-01 11:55:55,Weigh the Empty Truck
eval_trs_exit_tr28_Pcp49,2024-05-01 11:56:02,Evaluate the Truck Exit
weigh_loaded_truck_Pcp54_tr16,2024-05-01 11:56:52,Weigh the Loaded Truck
load_truck_Pcp31_tr50,2024-05-01 11:57:25,Load Truck
print_w_ticket_Pcp16_tr4,2024-05-01 11:57:34,Print the Weighing Ticket
input_tally_sheet_Pcp16_tr4,2024-05-01 11:57:34,Input the Tally Sheet
weigh_empty_truck_Pcp60_tr22,2024-05-01 11:58:05,Weigh the Empty Truck
load_truck_Pcp60_tr22,2024-05-01 11:58:36,Load Truck
eval_trs_exit_tr4_Pcp16,2024-05-01 11:58:47,Evaluate the Truck Exit
assign_tr35_Pcp66,2024-05-01 11:59:22,Assign Truck
assign_tr27_Pcp66,2024-05-01 11:59:33,Assign Truck
print_w_ticket_Pcp45_tr30,2024-05-01 12:01:00,Print the Weighing Ticket
input_tally_sheet_Pcp45_tr30,2024-05-01 12:01:00,Input the Tally Sheet
weigh_loaded_truck_Pcp47_tr1,2024-05-01 12:01:28,Weigh the Loaded Truck
weigh_empty_truck_Pcp31_tr41,2024-05-01 12:01:48,Weigh the Empty Truck
weigh_empty_truck_Pcp66_tr35,2024-05-01 12:01:52,Weigh the Empty Truck
load_truck_Pcp31_tr41,2024-05-01 12:02:36,Load Truck
load_truck_Pcp66_tr35,2024-05-01 12:02:43,Load Truck
eval_trs_exit_tr30_Pcp45,2024-05-01 12:03:10,Evaluate the Truck Exit
print_w_ticket_Pcp54_tr16,2024-05-01 12:03:50,Print the Weighing Ticket
input_tally_sheet_Pcp54_tr16,2024-05-01 12:03:50,Input the Tally Sheet
weigh_loaded_truck_Pcp60_tr22,2024-05-01 12:04:10,Weigh the Loaded Truck
assign_tr3_Pcp68,2024-05-01 12:04:52,Assign Truck
assign_tr29_Pcp68,2024-05-01 12:04:52,Assign Truck
print_w_ticket_Pcp47_tr1,2024-05-01 12:05:09,Print the Weighing Ticket
input_tally_sheet_Pcp47_tr1,2024-05-01 12:05:09,Input the Tally Sheet
weigh_empty_truck_Pcp66_tr27,2024-05-01 12:05:57,Weigh the Empty Truck
eval_trs_exit_tr16_Pcp54,2024-05-01 12:06:18,Evaluate the Truck Exit
weigh_empty_truck_Pcp68_tr29,2024-05-01 12:06:24,Weigh the Empty Truck
load_truck_Pcp68_tr29,2024-05-01 12:07:25,Load Truck
weigh_loaded_truck_Pcp45_tr33,2024-05-01 12:08:01,Weigh the Loaded Truck
weigh_loaded_truck_Pcp100_tr43,2024-05-01 12:08:26,Weigh the Loaded Truck
load_truck_Pcp66_tr27,2024-05-01 12:08:27,Load Truck
weigh_empty_truck_Pcp68_tr3,2024-05-01 12:08:43,Weigh the Empty Truck
eval_trs_exit_tr1_Pcp47,2024-05-01 12:09:42,Evaluate the Truck Exit
load_truck_Pcp68_tr3,2024-05-01 12:09:47,Load Truck
input_tally_sheet_Pcp45_tr33,2024-05-01 12:10:51,Input the Tally Sheet
print_w_ticket_Pcp45_tr33,2024-05-01 12:10:51,Print the Weighing Ticket
input_tally_sheet_Pcp60_tr22,2024-05-01 12:11:09,Input the Tally Sheet
print_w_ticket_Pcp60_tr22,2024-05-01 12:11:09,Print the Weighing Ticket
eval_trs_exit_tr33_Pcp45,2024-05-01 12:11:45,Evaluate the Truck Exit
eval_trs_exit_tr22_Pcp60,2024-05-01 12:12:29,Evaluate the Truck Exit
weigh_loaded_truck_Pcp7_tr48,2024-05-01 12:14:03,Weigh the Loaded Truck
assign_tr44_Pcp76,2024-05-01 12:14:47,Assign Truck
assign_tr17_Pcp76,2024-05-01 12:14:56,Assign Truck
print_w_ticket_Pcp100_tr43,2024-05-01 12:15:00,Print the Weighing Ticket
input_tally_sheet_Pcp100_tr43,2024-05-01 12:15:00,Input the Tally Sheet
assign_tr18_Pcp83,2024-05-01 12:15:43,Assign Truck
weigh_loaded_truck_Pcp31_tr41,2024-05-01 12:16:04,Weigh the Loaded Truck
assign_tr6_Pcp83,2024-05-01 12:16:13,Assign Truck
eval_trs_exit_tr43_Pcp100,2024-05-01 12:16:24,Evaluate the Truck Exit
assign_tr26_Pcp52,2024-05-01 12:16:39,Assign Truck
assign_tr11_Pcp52,2024-05-01 12:17:25,Assign Truck
weigh_empty_truck_Pcp52_tr26,2024-05-01 12:18:04,Weigh the Empty Truck
weigh_empty_truck_Pcp83_tr6,2024-05-01 12:18:08,Weigh the Empty Truck
weigh_empty_truck_Pcp76_tr44,2024-05-01 12:18:53,Weigh the Empty Truck
load_truck_Pcp52_tr26,2024-05-01 12:19:00,Load Truck
weigh_empty_truck_Pcp83_tr18,2024-05-01 12:19:20,Weigh the Empty Truck
weigh_empty_truck_Pcp76_tr17,2024-05-01 12:19:56,Weigh the Empty Truck
input_tally_sheet_Pcp31_tr41,2024-05-01 12:20:37,Input the Tally Sheet
print_w_ticket_Pcp31_tr41,2024-05-01 12:20:37,Print the Weighing Ticket
load_truck_Pcp83_tr18,2024-05-01 12:20:40,Load Truck
load_truck_Pcp76_tr44,2024-05-01 12:20:49,Load Truck
load_truck_Pcp76_tr17,2024-05-01 12:20:49,Load Truck
load_truck_Pcp83_tr6,2024-05-01 12:21:33,Load Truck
eval_trs_exit_tr41_Pcp31,2024-05-01 12:22:03,Evaluate the Truck Exit
print_w_ticket_Pcp7_tr48,2024-05-01 12:25:04,Print the Weighing Ticket
input_tally_sheet_Pcp7_tr48,2024-05-01 12:25:04,Input the Tally Sheet
weigh_empty_truck_Pcp52_tr11,2024-05-01 12:25:14,Weigh the Empty Truck
load_truck_Pcp52_tr11,2024-05-01 12:25:59,Load Truck
eval_trs_exit_tr48_Pcp7,2024-05-01 12:26:26,Evaluate the Truck Exit
weigh_loaded_truck_Pcp83_tr6,2024-05-01 12:28:07,Weigh the Loaded Truck
input_tally_sheet_Pcp83_tr6,2024-05-01 12:29:56,Input the Tally Sheet
print_w_ticket_Pcp83_tr6,2024-05-01 12:29:56,Print the Weighing Ticket
weigh_loaded_truck_Pcp64_tr32,2024-05-01 12:32:21,Weigh the Loaded Truck
eval_trs_exit_tr6_Pcp83,2024-05-01 12:32:59,Evaluate the Truck Exit
input_tally_sheet_Pcp64_tr32,2024-05-01 12:33:09,Input the Tally Sheet
print_w_ticket_Pcp64_tr32,2024-05-01 12:33:09,Print the Weighing Ticket
eval_trs_exit_tr32_Pcp64,2024-05-01 12:35:10,Evaluate the Truck Exit
weigh_loaded_truck_Pcp52_tr26,2024-05-01 12:35:15,Weigh the Loaded Truck
weigh_loaded_truck_Pcp52_tr11,2024-05-01 12:41:07,Weigh the Loaded Truck
weigh_loaded_truck_Pcp31_tr50,2024-05-01 12:43:03,Weigh the Loaded Truck
weigh_loaded_truck_Pcp60_tr2,2024-05-01 12:44:12,Weigh the Loaded Truck
print_w_ticket_Pcp52_tr26,2024-05-01 12:45:12,Print the Weighing Ticket
input_tally_sheet_Pcp52_tr26,2024-05-01 12:45:12,Input the Tally Sheet
eval_trs_exit_tr26_Pcp52,2024-05-01 12:47:46,Evaluate the Truck Exit
input_tally_sheet_Pcp31_tr50,2024-05-01 12:49:03,Input the Tally Sheet
print_w_ticket_Pcp31_tr50,2024-05-01 12:49:03,Print the Weighing Ticket
input_tally_sheet_Pcp60_tr2,2024-05-01 12:50:29,Input the Tally Sheet
print_w_ticket_Pcp60_tr2,2024-05-01 12:50:29,Print the Weighing Ticket
weigh_loaded_truck_Pcp68_tr3,2024-05-01 12:51:06,Weigh the Loaded Truck
eval_trs_exit_tr50_Pcp31,2024-05-01 12:52:20,Evaluate the Truck Exit
eval_trs_exit_tr2_Pcp60,2024-05-01 12:52:31,Evaluate the Truck Exit
weigh_loaded_truck_Pcp66_tr35,2024-05-01 12:54:15,Weigh the Loaded Truck
input_tally_sheet_Pcp52_tr11,2024-05-01 12:57:51,Input the Tally Sheet
print_w_ticket_Pcp52_tr11,2024-05-01 12:57:51,Print the Weighing Ticket
print_w_ticket_Pcp66_tr35,2024-05-01 12:57:53,Print the Weighing Ticket
input_tally_sheet_Pcp66_tr35,2024-05-01 12:57:53,Input the Tally Sheet
input_tally_sheet_Pcp68_tr3,2024-05-01 12:58:17,Input the Tally Sheet
print_w_ticket_Pcp68_tr3,2024-05-01 12:58:17,Print the Weighing Ticket
eval_trs_exit_tr35_Pcp66,2024-05-01 12:58:44,Evaluate the Truck Exit
eval_trs_exit_tr11_Pcp52,2024-05-01 12:59:10,Evaluate the Truck Exit
eval_trs_exit_tr3_Pcp68,2024-05-01 13:00:31,Evaluate the Truck Exit
weigh_loaded_truck_Pcp76_tr17,2024-05-01 13:07:20,Weigh the Loaded Truck
input_tally_sheet_Pcp76_tr17,2024-05-01 13:08:34,Input the Tally Sheet
print_w_ticket_Pcp76_tr17,2024-05-01 13:08:34,Print the Weighing Ticket
weigh_loaded_truck_Pcp49_tr46,2024-05-01 13:09:18,Weigh the Loaded Truck
eval_trs_exit_tr17_Pcp76,2024-05-01 13:10:32,Evaluate the Truck Exit
print_w_ticket_Pcp49_tr46,2024-05-01 13:10:38,Print the Weighing Ticket
input_tally_sheet_Pcp49_tr46,2024-05-01 13:10:38,Input the Tally Sheet
weigh_loaded_truck_Pcp68_tr29,2024-05-01 13:10:56,Weigh the Loaded Truck
eval_trs_exit_tr46_Pcp49,2024-05-01 13:13:08,Evaluate the Truck Exit
print_w_ticket_Pcp68_tr29,2024-05-01 13:16:12,Print the Weighing Ticket
input_tally_sheet_Pcp68_tr29,2024-05-01 13:16:12,Input the Tally Sheet
eval_trs_exit_tr29_Pcp68,2024-05-01 13:17:27,Evaluate the Truck Exit
assign_tr42_Pcp42,2024-05-01 13:23:43,Assign Truck
weigh_empty_truck_Pcp42_tr42,2024-05-01 13:25:58,Weigh the Empty Truck
load_truck_Pcp42_tr42,2024-05-01 13:26:37,Load Truck
assign_tr43_Pcp42,2024-05-01 13:27:28,Assign Truck
assign_tr7_Pcp2,2024-05-01 13:28:19,Assign Truck
assign_tr34_Pcp43,2024-05-01 13:28:39,Assign Truck
assign_tr19_Pcp43,2024-05-01 13:28:44,Assign Truck
assign_tr46_Pcp2,2024-05-01 13:29:41,Assign Truck
weigh_empty_truck_Pcp42_tr43,2024-05-01 13:30:45,Weigh the Empty Truck
load_truck_Pcp42_tr43,2024-05-01 13:31:57,Load Truck
weigh_empty_truck_Pcp2_tr46,2024-05-01 13:32:06,Weigh the Empty Truck
load_truck_Pcp2_tr46,2024-05-01 13:33:03,Load Truck
weigh_empty_truck_Pcp43_tr19,2024-05-01 13:34:55,Weigh the Empty Truck
weigh_empty_truck_Pcp43_tr34,2024-05-01 13:35:17,Weigh the Empty Truck
load_truck_Pcp43_tr34,2024-05-01 13:35:55,Load Truck
load_truck_Pcp43_tr19,2024-05-01 13:36:38,Load Truck
weigh_empty_truck_Pcp2_tr7,2024-05-01 13:36:39,Weigh the Empty Truck
load_truck_Pcp2_tr7,2024-05-01 13:37:54,Load Truck
weigh_loaded_truck_Pcp42_tr42,2024-05-01 13:49:45,Weigh the Loaded Truck
weigh_loaded_truck_Pcp100_tr21,2024-05-01 13:51:08,Weigh the Loaded Truck
input_tally_sheet_Pcp42_tr42,2024-05-01 13:54:28,Input the Tally Sheet
print_w_ticket_Pcp42_tr42,2024-05-01 13:54:28,Print the Weighing Ticket
input_tally_sheet_Pcp100_tr21,2024-05-01 13:54:56,Input the Tally Sheet
print_w_ticket_Pcp100_tr21,2024-05-01 13:54:56,Print the Weighing Ticket
weigh_loaded_truck_Pcp42_tr43,2024-05-01 13:55:00,Weigh the Loaded Truck
eval_trs_exit_tr21_Pcp100,2024-05-01 13:56:37,Evaluate the Truck Exit
eval_trs_exit_tr42_Pcp42,2024-05-01 13:57:35,Evaluate the Truck Exit
assign_tr45_Pcp34,2024-05-01 14:01:31,Assign Truck
weigh_loaded_truck_Pcp2_tr7,2024-05-01 14:01:45,Weigh the Loaded Truck
assign_tr4_Pcp34,2024-05-01 14:02:25,Assign Truck
print_w_ticket_Pcp42_tr43,2024-05-01 14:02:54,Print the Weighing Ticket
input_tally_sheet_Pcp42_tr43,2024-05-01 14:02:54,Input the Tally Sheet
weigh_empty_truck_Pcp34_tr4,2024-05-01 14:05:27,Weigh the Empty Truck
assign_tr50_Pcp27,2024-05-01 14:05:32,Assign Truck
weigh_loaded_truck_Pcp2_tr46,2024-05-01 14:05:39,Weigh the Loaded Truck
eval_trs_exit_tr43_Pcp42,2024-05-01 14:05:57,Evaluate the Truck Exit
input_tally_sheet_Pcp2_tr7,2024-05-01 14:06:04,Input the Tally Sheet
print_w_ticket_Pcp2_tr7,2024-05-01 14:06:04,Print the Weighing Ticket
weigh_empty_truck_Pcp27_tr50,2024-05-01 14:06:20,Weigh the Empty Truck
eval_trs_exit_tr7_Pcp2,2024-05-01 14:06:48,Evaluate the Truck Exit
weigh_empty_truck_Pcp34_tr45,2024-05-01 14:07:03,Weigh the Empty Truck
assign_tr3_Pcp27,2024-05-01 14:07:03,Assign Truck
load_truck_Pcp34_tr4,2024-05-01 14:07:13,Load Truck
load_truck_Pcp27_tr50,2024-05-01 14:07:28,Load Truck
input_tally_sheet_Pcp2_tr46,2024-05-01 14:07:29,Input the Tally Sheet
print_w_ticket_Pcp2_tr46,2024-05-01 14:07:29,Print the Weighing Ticket
weigh_empty_truck_Pcp27_tr3,2024-05-01 14:07:55,Weigh the Empty Truck
load_truck_Pcp34_tr45,2024-05-01 14:08:14,Load Truck
weigh_loaded_truck_Pcp66_tr27,2024-05-01 14:08:40,Weigh the Loaded Truck
eval_trs_exit_tr46_Pcp2,2024-05-01 14:09:22,Evaluate the Truck Exit
input_tally_sheet_Pcp66_tr27,2024-05-01 14:10:44,Input the Tally Sheet
print_w_ticket_Pcp66_tr27,2024-05-01 14:10:44,Print the Weighing Ticket
load_truck_Pcp27_tr3,2024-05-01 14:11:29,Load Truck
eval_trs_exit_tr27_Pcp66,2024-05-01 14:12:16,Evaluate the Truck Exit
assign_tr32_Pcp9,2024-05-01 14:12:33,Assign Truck
assign_tr28_Pcp9,2024-05-01 14:13:12,Assign Truck
assign_tr1_Pcp24,2024-05-01 14:13:49,Assign Truck
weigh_empty_truck_Pcp9_tr32,2024-05-01 14:14:25,Weigh the Empty Truck
assign_tr25_Pcp24,2024-05-01 14:14:40,Assign Truck
weigh_loaded_truck_Pcp27_tr50,2024-05-01 14:14:54,Weigh the Loaded Truck
weigh_empty_truck_Pcp24_tr1,2024-05-01 14:15:26,Weigh the Empty Truck
load_truck_Pcp9_tr32,2024-05-01 14:15:31,Load Truck
load_truck_Pcp24_tr1,2024-05-01 14:16:28,Load Truck
weigh_empty_truck_Pcp24_tr25,2024-05-01 14:16:59,Weigh the Empty Truck
load_truck_Pcp24_tr25,2024-05-01 14:17:40,Load Truck
input_tally_sheet_Pcp27_tr50,2024-05-01 14:20:39,Input the Tally Sheet
print_w_ticket_Pcp27_tr50,2024-05-01 14:20:39,Print the Weighing Ticket
weigh_empty_truck_Pcp9_tr28,2024-05-01 14:22:53,Weigh the Empty Truck
load_truck_Pcp9_tr28,2024-05-01 14:24:07,Load Truck
eval_trs_exit_tr50_Pcp27,2024-05-01 14:24:25,Evaluate the Truck Exit
assign_tr48_Pcp6,2024-05-01 14:27:07,Assign Truck
weigh_loaded_truck_Pcp34_tr45,2024-05-01 14:27:29,Weigh the Loaded Truck
assign_tr9_Pcp6,2024-05-01 14:27:38,Assign Truck
weigh_loaded_truck_Pcp43_tr34,2024-05-01 14:29:03,Weigh the Loaded Truck
weigh_empty_truck_Pcp6_tr9,2024-05-01 14:29:19,Weigh the Empty Truck
load_truck_Pcp6_tr9,2024-05-01 14:30:11,Load Truck
input_tally_sheet_Pcp43_tr34,2024-05-01 14:31:41,Input the Tally Sheet
print_w_ticket_Pcp43_tr34,2024-05-01 14:31:41,Print the Weighing Ticket
weigh_empty_truck_Pcp6_tr48,2024-05-01 14:33:16,Weigh the Empty Truck
assign_tr12_Pcp65,2024-05-01 14:33:17,Assign Truck
eval_trs_exit_tr34_Pcp43,2024-05-01 14:33:19,Evaluate the Truck Exit
load_truck_Pcp6_tr48,2024-05-01 14:34:57,Load Truck
input_tally_sheet_Pcp34_tr45,2024-05-01 14:35:13,Input the Tally Sheet
print_w_ticket_Pcp34_tr45,2024-05-01 14:35:13,Print the Weighing Ticket
assign_tr43_Pcp65,2024-05-01 14:35:35,Assign Truck
eval_trs_exit_tr45_Pcp34,2024-05-01 14:37:48,Evaluate the Truck Exit
weigh_loaded_truck_Pcp83_tr18,2024-05-01 14:37:49,Weigh the Loaded Truck
assign_tr7_Pcp20,2024-05-01 14:38:41,Assign Truck
assign_tr5_Pcp20,2024-05-01 14:39:21,Assign Truck
weigh_loaded_truck_Pcp9_tr32,2024-05-01 14:40:46,Weigh the Loaded Truck
weigh_empty_truck_Pcp20_tr5,2024-05-01 14:40:59,Weigh the Empty Truck
weigh_loaded_truck_Pcp43_tr19,2024-05-01 14:41:40,Weigh the Loaded Truck
weigh_empty_truck_Pcp65_tr43,2024-05-01 14:41:48,Weigh the Empty Truck
load_truck_Pcp65_tr43,2024-05-01 14:42:52,Load Truck
input_tally_sheet_Pcp9_tr32,2024-05-01 14:43:50,Input the Tally Sheet
print_w_ticket_Pcp9_tr32,2024-05-01 14:43:50,Print the Weighing Ticket
print_w_ticket_Pcp43_tr19,2024-05-01 14:44:16,Print the Weighing Ticket
input_tally_sheet_Pcp43_tr19,2024-05-01 14:44:16,Input the Tally Sheet
load_truck_Pcp20_tr5,2024-05-01 14:45:00,Load Truck
eval_trs_exit_tr32_Pcp9,2024-05-01 14:45:43,Evaluate the Truck Exit
weigh_loaded_truck_Pcp76_tr44,2024-05-01 14:45:57,Weigh the Loaded Truck
weigh_empty_truck_Pcp65_tr12,2024-05-01 14:46:13,Weigh the Empty Truck
eval_trs_exit_tr19_Pcp43,2024-05-01 14:46:33,Evaluate the Truck Exit
load_truck_Pcp65_tr12,2024-05-01 14:47:13,Load Truck
weigh_empty_truck_Pcp20_tr7,2024-05-01 14:47:50,Weigh the Empty Truck
print_w_ticket_Pcp83_tr18,2024-05-01 14:48:09,Print the Weighing Ticket
input_tally_sheet_Pcp83_tr18,2024-05-01 14:48:09,Input the Tally Sheet
input_tally_sheet_Pcp76_tr44,2024-05-01 14:49:14,Input the Tally Sheet
print_w_ticket_Pcp76_tr44,2024-05-01 14:49:14,Print the Weighing Ticket
eval_trs_exit_tr18_Pcp83,2024-05-01 14:49:20,Evaluate the Truck Exit
load_truck_Pcp20_tr7,2024-05-01 14:49:22,Load Truck
assign_tr21_Pcp26,2024-05-01 14:50:42,Assign Truck
weigh_loaded_truck_Pcp24_tr1,2024-05-01 14:51:14,Weigh the Loaded Truck
eval_trs_exit_tr44_Pcp76,2024-05-01 14:51:29,Evaluate the Truck Exit
assign_tr31_Pcp26,2024-05-01 14:51:54,Assign Truck
weigh_empty_truck_Pcp26_tr21,2024-05-01 14:52:15,Weigh the Empty Truck
load_truck_Pcp26_tr21,2024-05-01 14:53:01,Load Truck
weigh_loaded_truck_Pcp6_tr9,2024-05-01 14:54:59,Weigh the Loaded Truck
assign_tr13_Pcp19,2024-05-01 14:55:22,Assign Truck
weigh_empty_truck_Pcp26_tr31,2024-05-01 14:55:22,Weigh the Empty Truck
assign_tr41_Pcp19,2024-05-01 14:55:23,Assign Truck
weigh_loaded_truck_Pcp65_tr12,2024-05-01 14:55:35,Weigh the Loaded Truck
input_tally_sheet_Pcp6_tr9,2024-05-01 14:56:00,Input the Tally Sheet
print_w_ticket_Pcp6_tr9,2024-05-01 14:56:00,Print the Weighing Ticket
weigh_loaded_truck_Pcp27_tr3,2024-05-01 14:56:42,Weigh the Loaded Truck
load_truck_Pcp26_tr31,2024-05-01 14:57:13,Load Truck
eval_trs_exit_tr9_Pcp6,2024-05-01 14:57:36,Evaluate the Truck Exit
weigh_loaded_truck_Pcp24_tr25,2024-05-01 14:58:15,Weigh the Loaded Truck
print_w_ticket_Pcp65_tr12,2024-05-01 14:59:06,Print the Weighing Ticket
input_tally_sheet_Pcp65_tr12,2024-05-01 14:59:06,Input the Tally Sheet
weigh_loaded_truck_Pcp20_tr5,2024-05-01 14:59:31,Weigh the Loaded Truck
eval_trs_exit_tr12_Pcp65,2024-05-01 14:59:49,Evaluate the Truck Exit
print_w_ticket_Pcp24_tr25,2024-05-01 14:59:54,Print the Weighing Ticket
input_tally_sheet_Pcp24_tr25,2024-05-01 14:59:54,Input the Tally Sheet
eval_trs_exit_tr25_Pcp24,2024-05-01 15:01:50,Evaluate the Truck Exit
weigh_empty_truck_Pcp19_tr13,2024-05-01 15:01:53,Weigh the Empty Truck
weigh_empty_truck_Pcp19_tr41,2024-05-01 15:02:20,Weigh the Empty Truck
weigh_loaded_truck_Pcp20_tr7,2024-05-01 15:02:49,Weigh the Loaded Truck
print_w_ticket_Pcp27_tr3,2024-05-01 15:03:01,Print the Weighing Ticket
input_tally_sheet_Pcp27_tr3,2024-05-01 15:03:01,Input the Tally Sheet
print_w_ticket_Pcp24_tr1,2024-05-01 15:03:08,Print the Weighing Ticket
input_tally_sheet_Pcp24_tr1,2024-05-01 15:03:08,Input the Tally Sheet
load_truck_Pcp19_tr41,2024-05-01 15:03:39,Load Truck
input_tally_sheet_Pcp20_tr5,2024-05-01 15:03:41,Input the Tally Sheet
print_w_ticket_Pcp20_tr5,2024-05-01 15:03:41,Print the Weighing Ticket
weigh_loaded_truck_Pcp26_tr31,2024-05-01 15:03:52,Weigh the Loaded Truck
eval_trs_exit_tr1_Pcp24,2024-05-01 15:04:20,Evaluate the Truck Exit
eval_trs_exit_tr5_Pcp20,2024-05-01 15:05:53,Evaluate the Truck Exit
load_truck_Pcp19_tr13,2024-05-01 15:05:57,Load Truck
eval_trs_exit_tr3_Pcp27,2024-05-01 15:06:20,Evaluate the Truck Exit
input_tally_sheet_Pcp26_tr31,2024-05-01 15:06:20,Input the Tally Sheet
print_w_ticket_Pcp26_tr31,2024-05-01 15:06:20,Print the Weighing Ticket
input_tally_sheet_Pcp20_tr7,2024-05-01 15:06:52,Input the Tally Sheet
print_w_ticket_Pcp20_tr7,2024-05-01 15:06:52,Print the Weighing Ticket
eval_trs_exit_tr7_Pcp20,2024-05-01 15:08:30,Evaluate the Truck Exit
eval_trs_exit_tr31_Pcp26,2024-05-01 15:09:33,Evaluate the Truck Exit
assign_tr29_Pcp97,2024-05-01 15:15:38,Assign Truck
assign_tr22_Pcp97,2024-05-01 15:15:44,Assign Truck
weigh_empty_truck_Pcp97_tr29,2024-05-01 15:16:57,Weigh the Empty Truck
weigh_empty_truck_Pcp97_tr22,2024-05-01 15:17:21,Weigh the Empty Truck
load_truck_Pcp97_tr22,2024-05-01 15:18:39,Load Truck
load_truck_Pcp97_tr29,2024-05-01 15:18:40,Load Truck
assign_tr15_Pcp95,2024-05-01 15:21:09,Assign Truck
assign_tr23_Pcp95,2024-05-01 15:21:19,Assign Truck
weigh_empty_truck_Pcp95_tr15,2024-05-01 15:21:49,Weigh the Empty Truck
weigh_loaded_truck_Pcp65_tr43,2024-05-01 15:22:33,Weigh the Loaded Truck
load_truck_Pcp95_tr15,2024-05-01 15:22:48,Load Truck
assign_tr24_Pcp94,2024-05-01 15:24:49,Assign Truck
weigh_empty_truck_Pcp95_tr23,2024-05-01 15:25:09,Weigh the Empty Truck
assign_tr11_Pcp15,2024-05-01 15:25:29,Assign Truck
assign_tr34_Pcp15,2024-05-01 15:25:38,Assign Truck
assign_tr32_Pcp94,2024-05-01 15:25:49,Assign Truck
weigh_loaded_truck_Pcp26_tr21,2024-05-01 15:26:14,Weigh the Loaded Truck
load_truck_Pcp95_tr23,2024-05-01 15:26:26,Load Truck
print_w_ticket_Pcp65_tr43,2024-05-01 15:27:51,Print the Weighing Ticket
input_tally_sheet_Pcp65_tr43,2024-05-01 15:27:51,Input the Tally Sheet
weigh_empty_truck_Pcp94_tr24,2024-05-01 15:29:12,Weigh the Empty Truck
eval_trs_exit_tr43_Pcp65,2024-05-01 15:29:30,Evaluate the Truck Exit
load_truck_Pcp94_tr24,2024-05-01 15:29:57,Load Truck
assign_tr1_Pcp46,2024-05-01 15:30:28,Assign Truck
assign_tr27_Pcp46,2024-05-01 15:30:45,Assign Truck
print_w_ticket_Pcp26_tr21,2024-05-01 15:30:48,Print the Weighing Ticket
input_tally_sheet_Pcp26_tr21,2024-05-01 15:30:48,Input the Tally Sheet
weigh_empty_truck_Pcp15_tr11,2024-05-01 15:31:29,Weigh the Empty Truck
weigh_loaded_truck_Pcp97_tr22,2024-05-01 15:31:42,Weigh the Loaded Truck
load_truck_Pcp15_tr11,2024-05-01 15:32:32,Load Truck
eval_trs_exit_tr21_Pcp26,2024-05-01 15:33:07,Evaluate the Truck Exit
weigh_empty_truck_Pcp94_tr32,2024-05-01 15:33:11,Weigh the Empty Truck
weigh_loaded_truck_Pcp19_tr13,2024-05-01 15:33:52,Weigh the Loaded Truck
load_truck_Pcp94_tr32,2024-05-01 15:34:13,Load Truck
assign_tr37_Pcp99,2024-05-01 15:34:21,Assign Truck
weigh_empty_truck_Pcp46_tr1,2024-05-01 15:34:24,Weigh the Empty Truck
weigh_loaded_truck_Pcp9_tr28,2024-05-01 15:34:24,Weigh the Loaded Truck
assign_tr39_Pcp99,2024-05-01 15:35:02,Assign Truck
load_truck_Pcp46_tr1,2024-05-01 15:35:09,Load Truck
weigh_loaded_truck_Pcp94_tr24,2024-05-01 15:35:30,Weigh the Loaded Truck
weigh_empty_truck_Pcp99_tr37,2024-05-01 15:35:51,Weigh the Empty Truck
assign_tr16_Pcp40,2024-05-01 15:36:08,Assign Truck
weigh_empty_truck_Pcp46_tr27,2024-05-01 15:36:12,Weigh the Empty Truck
weigh_loaded_truck_Pcp95_tr15,2024-05-01 15:36:19,Weigh the Loaded Truck
assign_tr5_Pcp73,2024-05-01 15:36:25,Assign Truck
print_w_ticket_Pcp19_tr13,2024-05-01 15:36:34,Print the Weighing Ticket
input_tally_sheet_Pcp19_tr13,2024-05-01 15:36:34,Input the Tally Sheet
load_truck_Pcp99_tr37,2024-05-01 15:36:39,Load Truck
assign_tr10_Pcp40,2024-05-01 15:36:50,Assign Truck
load_truck_Pcp46_tr27,2024-05-01 15:36:57,Load Truck
assign_tr40_Pcp73,2024-05-01 15:37:16,Assign Truck
print_w_ticket_Pcp97_tr22,2024-05-01 15:37:42,Print the Weighing Ticket
input_tally_sheet_Pcp97_tr22,2024-05-01 15:37:42,Input the Tally Sheet
weigh_empty_truck_Pcp40_tr16,2024-05-01 15:37:50,Weigh the Empty Truck
weigh_empty_truck_Pcp73_tr5,2024-05-01 15:38:12,Weigh the Empty Truck
weigh_empty_truck_Pcp15_tr34,2024-05-01 15:38:13,Weigh the Empty Truck
load_truck_Pcp40_tr16,2024-05-01 15:38:41,Load Truck
weigh_empty_truck_Pcp73_tr40,2024-05-01 15:38:49,Weigh the Empty Truck
weigh_loaded_truck_Pcp19_tr41,2024-05-01 15:39:07,Weigh the Loaded Truck
load_truck_Pcp73_tr5,2024-05-01 15:39:15,Load Truck
eval_trs_exit_tr13_Pcp19,2024-05-01 15:39:22,Evaluate the Truck Exit
load_truck_Pcp73_tr40,2024-05-01 15:39:26,Load Truck
print_w_ticket_Pcp95_tr15,2024-05-01 15:39:29,Print the Weighing Ticket
input_tally_sheet_Pcp95_tr15,2024-05-01 15:39:29,Input the Tally Sheet
load_truck_Pcp15_tr34,2024-05-01 15:39:45,Load Truck
weigh_empty_truck_Pcp40_tr10,2024-05-01 15:40:57,Weigh the Empty Truck
weigh_empty_truck_Pcp99_tr39,2024-05-01 15:41:54,Weigh the Empty Truck
assign_tr44_Pcp84,2024-05-01 15:42:13,Assign Truck
eval_trs_exit_tr22_Pcp97,2024-05-01 15:42:21,Evaluate the Truck Exit
assign_tr49_Pcp84,2024-05-01 15:42:22,Assign Truck
assign_tr14_Pcp33,2024-05-01 15:42:43,Assign Truck
eval_trs_exit_tr15_Pcp95,2024-05-01 15:42:43,Evaluate the Truck Exit
assign_tr42_Pcp33,2024-05-01 15:43:03,Assign Truck
load_truck_Pcp40_tr10,2024-05-01 15:43:13,Load Truck
weigh_empty_truck_Pcp84_tr44,2024-05-01 15:43:55,Weigh the Empty Truck
load_truck_Pcp99_tr39,2024-05-01 15:44:04,Load Truck
print_w_ticket_Pcp9_tr28,2024-05-01 15:44:37,Print the Weighing Ticket
input_tally_sheet_Pcp9_tr28,2024-05-01 15:44:37,Input the Tally Sheet
print_w_ticket_Pcp19_tr41,2024-05-01 15:44:49,Print the Weighing Ticket
input_tally_sheet_Pcp19_tr41,2024-05-01 15:44:49,Input the Tally Sheet
print_w_ticket_Pcp94_tr24,2024-05-01 15:45:09,Print the Weighing Ticket
input_tally_sheet_Pcp94_tr24,2024-05-01 15:45:09,Input the Tally Sheet
eval_trs_exit_tr24_Pcp94,2024-05-01 15:46:03,Evaluate the Truck Exit
load_truck_Pcp84_tr44,2024-05-01 15:46:14,Load Truck
eval_trs_exit_tr41_Pcp19,2024-05-01 15:46:24,Evaluate the Truck Exit
eval_trs_exit_tr28_Pcp9,2024-05-01 15:47:29,Evaluate the Truck Exit
assign_tr31_Pcp13,2024-05-01 15:49:36,Assign Truck
assign_tr9_Pcp13,2024-05-01 15:49:52,Assign Truck
weigh_empty_truck_Pcp33_tr42,2024-05-01 15:50:12,Weigh the Empty Truck
weigh_empty_truck_Pcp13_tr31,2024-05-01 15:50:31,Weigh the Empty Truck
weigh_empty_truck_Pcp33_tr14,2024-05-01 15:51:11,Weigh the Empty Truck
load_truck_Pcp33_tr14,2024-05-01 15:51:46,Load Truck
load_truck_Pcp33_tr42,2024-05-01 15:51:47,Load Truck
weigh_empty_truck_Pcp84_tr49,2024-05-01 15:52:28,Weigh the Empty Truck
load_truck_Pcp13_tr31,2024-05-01 15:52:52,Load Truck
weigh_empty_truck_Pcp13_tr9,2024-05-01 15:53:14,Weigh the Empty Truck
weigh_loaded_truck_Pcp97_tr29,2024-05-01 15:53:30,Weigh the Loaded Truck
load_truck_Pcp84_tr49,2024-05-01 15:54:05,Load Truck
load_truck_Pcp13_tr9,2024-05-01 15:54:39,Load Truck
print_w_ticket_Pcp97_tr29,2024-05-01 15:54:46,Print the Weighing Ticket
input_tally_sheet_Pcp97_tr29,2024-05-01 15:54:46,Input the Tally Sheet
weigh_loaded_truck_Pcp46_tr27,2024-05-01 15:55:47,Weigh the Loaded Truck
weigh_loaded_truck_Pcp40_tr16,2024-05-01 15:55:50,Weigh the Loaded Truck
weigh_loaded_truck_Pcp73_tr5,2024-05-01 15:57:42,Weigh the Loaded Truck
input_tally_sheet_Pcp40_tr16,2024-05-01 15:57:52,Input the Tally Sheet
print_w_ticket_Pcp40_tr16,2024-05-01 15:57:52,Print the Weighing Ticket
eval_trs_exit_tr29_Pcp97,2024-05-01 15:57:56,Evaluate the Truck Exit
print_w_ticket_Pcp46_tr27,2024-05-01 15:58:34,Print the Weighing Ticket
input_tally_sheet_Pcp46_tr27,2024-05-01 15:58:34,Input the Tally Sheet
eval_trs_exit_tr16_Pcp40,2024-05-01 15:59:10,Evaluate the Truck Exit
eval_trs_exit_tr27_Pcp46,2024-05-01 16:00:18,Evaluate the Truck Exit
weigh_loaded_truck_Pcp13_tr9,2024-05-01 16:00:47,Weigh the Loaded Truck
input_tally_sheet_Pcp73_tr5,2024-05-01 16:01:21,Input the Tally Sheet
print_w_ticket_Pcp73_tr5,2024-05-01 16:01:21,Print the Weighing Ticket
print_w_ticket_Pcp13_tr9,2024-05-01 16:02:16,Print the Weighing Ticket
input_tally_sheet_Pcp13_tr9,2024-05-01 16:02:16,Input the Tally Sheet
eval_trs_exit_tr5_Pcp73,2024-05-01 16:02:58,Evaluate the Truck Exit
assign_tr35_Pcp1,2024-05-01 16:03:16,Assign Truck
assign_tr50_Pcp1,2024-05-01 16:03:17,Assign Truck
eval_trs_exit_tr9_Pcp13,2024-05-01 16:03:21,Evaluate the Truck Exit
weigh_empty_truck_Pcp1_tr50,2024-05-01 16:05:30,Weigh the Empty Truck
assign_tr15_Pcp89,2024-05-01 16:05:45,Assign Truck
assign_tr3_Pcp89,2024-05-01 16:05:46,Assign Truck
weigh_empty_truck_Pcp1_tr35,2024-05-01 16:06:24,Weigh the Empty Truck
weigh_empty_truck_Pcp89_tr15,2024-05-01 16:06:31,Weigh the Empty Truck
load_truck_Pcp89_tr15,2024-05-01 16:07:10,Load Truck
load_truck_Pcp1_tr50,2024-05-01 16:07:12,Load Truck
load_truck_Pcp1_tr35,2024-05-01 16:07:33,Load Truck
weigh_loaded_truck_Pcp99_tr37,2024-05-01 16:10:28,Weigh the Loaded Truck
weigh_loaded_truck_Pcp13_tr31,2024-05-01 16:11:29,Weigh the Loaded Truck
weigh_loaded_truck_Pcp73_tr40,2024-05-01 16:11:29,Weigh the Loaded Truck
weigh_loaded_truck_Pcp1_tr50,2024-05-01 16:12:26,Weigh the Loaded Truck
weigh_empty_truck_Pcp89_tr3,2024-05-01 16:13:22,Weigh the Empty Truck
assign_tr38_Pcp71,2024-05-01 16:13:39,Assign Truck
assign_tr18_Pcp71,2024-05-01 16:14:07,Assign Truck
load_truck_Pcp89_tr3,2024-05-01 16:14:40,Load Truck
print_w_ticket_Pcp73_tr40,2024-05-01 16:14:47,Print the Weighing Ticket
input_tally_sheet_Pcp73_tr40,2024-05-01 16:14:47,Input the Tally Sheet
eval_trs_exit_tr40_Pcp73,2024-05-01 16:15:29,Evaluate the Truck Exit
print_w_ticket_Pcp1_tr50,2024-05-01 16:15:59,Print the Weighing Ticket
input_tally_sheet_Pcp1_tr50,2024-05-01 16:15:59,Input the Tally Sheet
weigh_empty_truck_Pcp71_tr38,2024-05-01 16:17:56,Weigh the Empty Truck
input_tally_sheet_Pcp13_tr31,2024-05-01 16:17:58,Input the Tally Sheet
print_w_ticket_Pcp13_tr31,2024-05-01 16:17:58,Print the Weighing Ticket
eval_trs_exit_tr50_Pcp1,2024-05-01 16:18:43,Evaluate the Truck Exit
eval_trs_exit_tr31_Pcp13,2024-05-01 16:19:04,Evaluate the Truck Exit
weigh_empty_truck_Pcp71_tr18,2024-05-01 16:19:08,Weigh the Empty Truck
load_truck_Pcp71_tr38,2024-05-01 16:19:21,Load Truck
load_truck_Pcp71_tr18,2024-05-01 16:19:58,Load Truck
assign_tr25_Pcp93,2024-05-01 16:20:09,Assign Truck
assign_tr33_Pcp93,2024-05-01 16:20:22,Assign Truck
assign_tr5_Pcp8,2024-05-01 16:23:53,Assign Truck
weigh_empty_truck_Pcp93_tr33,2024-05-01 16:24:15,Weigh the Empty Truck
weigh_empty_truck_Pcp8_tr5,2024-05-01 16:24:34,Weigh the Empty Truck
assign_tr13_Pcp8,2024-05-01 16:25:26,Assign Truck
input_tally_sheet_Pcp99_tr37,2024-05-01 16:25:33,Input the Tally Sheet
print_w_ticket_Pcp99_tr37,2024-05-01 16:25:33,Print the Weighing Ticket
load_truck_Pcp8_tr5,2024-05-01 16:25:38,Load Truck
load_truck_Pcp93_tr33,2024-05-01 16:26:44,Load Truck
eval_trs_exit_tr37_Pcp99,2024-05-01 16:27:03,Evaluate the Truck Exit
weigh_loaded_truck_Pcp46_tr1,2024-05-01 16:30:02,Weigh the Loaded Truck
print_w_ticket_Pcp46_tr1,2024-05-01 16:30:52,Print the Weighing Ticket
input_tally_sheet_Pcp46_tr1,2024-05-01 16:30:52,Input the Tally Sheet
weigh_empty_truck_Pcp93_tr25,2024-05-01 16:32:27,Weigh the Empty Truck
eval_trs_exit_tr1_Pcp46,2024-05-01 16:32:57,Evaluate the Truck Exit
load_truck_Pcp93_tr25,2024-05-01 16:33:47,Load Truck
weigh_empty_truck_Pcp8_tr13,2024-05-01 16:34:26,Weigh the Empty Truck
load_truck_Pcp8_tr13,2024-05-01 16:35:17,Load Truck
weigh_loaded_truck_Pcp6_tr48,2024-05-01 16:38:10,Weigh the Loaded Truck
weigh_loaded_truck_Pcp99_tr39,2024-05-01 16:38:23,Weigh the Loaded Truck
assign_tr41_Pcp12,2024-05-01 16:40:14,Assign Truck
print_w_ticket_Pcp6_tr48,2024-05-01 16:41:07,Print the Weighing Ticket
input_tally_sheet_Pcp6_tr48,2024-05-01 16:41:07,Input the Tally Sheet
assign_tr46_Pcp12,2024-05-01 16:41:25,Assign Truck
weigh_loaded_truck_Pcp8_tr5,2024-05-01 16:41:43,Weigh the Loaded Truck
weigh_loaded_truck_Pcp95_tr23,2024-05-01 16:42:48,Weigh the Loaded Truck
assign_tr8_Pcp30,2024-05-01 16:43:10,Assign Truck
assign_tr28_Pcp30,2024-05-01 16:43:44,Assign Truck
weigh_loaded_truck_Pcp40_tr10,2024-05-01 16:43:44,Weigh the Loaded Truck
input_tally_sheet_Pcp99_tr39,2024-05-01 16:43:46,Input the Tally Sheet
print_w_ticket_Pcp99_tr39,2024-05-01 16:43:46,Print the Weighing Ticket
eval_trs_exit_tr48_Pcp6,2024-05-01 16:44:00,Evaluate the Truck Exit
eval_trs_exit_tr39_Pcp99,2024-05-01 16:44:45,Evaluate the Truck Exit
weigh_empty_truck_Pcp30_tr8,2024-05-01 16:44:47,Weigh the Empty Truck
weigh_loaded_truck_Pcp93_tr25,2024-05-01 16:45:58,Weigh the Loaded Truck
weigh_loaded_truck_Pcp34_tr4,2024-05-01 16:46:04,Weigh the Loaded Truck
weigh_loaded_truck_Pcp71_tr18,2024-05-01 16:46:22,Weigh the Loaded Truck
load_truck_Pcp30_tr8,2024-05-01 16:46:32,Load Truck
print_w_ticket_Pcp95_tr23,2024-05-01 16:47:30,Print the Weighing Ticket
input_tally_sheet_Pcp95_tr23,2024-05-01 16:47:30,Input the Tally Sheet
assign_tr2_Pcp56,2024-05-01 16:47:52,Assign Truck
eval_trs_exit_tr23_Pcp95,2024-05-01 16:48:36,Evaluate the Truck Exit
weigh_loaded_truck_Pcp93_tr33,2024-05-01 16:48:43,Weigh the Loaded Truck
input_tally_sheet_Pcp8_tr5,2024-05-01 16:48:57,Input the Tally Sheet
print_w_ticket_Pcp8_tr5,2024-05-01 16:48:57,Print the Weighing Ticket
weigh_empty_truck_Pcp12_tr41,2024-05-01 16:49:23,Weigh the Empty Truck
assign_tr22_Pcp56,2024-05-01 16:49:46,Assign Truck
input_tally_sheet_Pcp40_tr10,2024-05-01 16:49:54,Input the Tally Sheet
print_w_ticket_Pcp40_tr10,2024-05-01 16:49:54,Print the Weighing Ticket
weigh_empty_truck_Pcp30_tr28,2024-05-01 16:50:06,Weigh the Empty Truck
load_truck_Pcp12_tr41,2024-05-01 16:50:13,Load Truck
print_w_ticket_Pcp93_tr25,2024-05-01 16:50:26,Print the Weighing Ticket
input_tally_sheet_Pcp93_tr25,2024-05-01 16:50:26,Input the Tally Sheet
load_truck_Pcp30_tr28,2024-05-01 16:50:40,Load Truck
eval_trs_exit_tr10_Pcp40,2024-05-01 16:50:53,Evaluate the Truck Exit
weigh_loaded_truck_Pcp15_tr11,2024-05-01 16:51:27,Weigh the Loaded Truck
print_w_ticket_Pcp93_tr33,2024-05-01 16:51:44,Print the Weighing Ticket
input_tally_sheet_Pcp93_tr33,2024-05-01 16:51:44,Input the Tally Sheet
eval_trs_exit_tr5_Pcp8,2024-05-01 16:51:50,Evaluate the Truck Exit
print_w_ticket_Pcp71_tr18,2024-05-01 16:52:00,Print the Weighing Ticket
input_tally_sheet_Pcp71_tr18,2024-05-01 16:52:00,Input the Tally Sheet
print_w_ticket_Pcp34_tr4,2024-05-01 16:52:11,Print the Weighing Ticket
input_tally_sheet_Pcp34_tr4,2024-05-01 16:52:11,Input the Tally Sheet
eval_trs_exit_tr25_Pcp93,2024-05-01 16:52:22,Evaluate the Truck Exit
weigh_empty_truck_Pcp56_tr22,2024-05-01 16:52:42,Weigh the Empty Truck
weigh_loaded_truck_Pcp71_tr38,2024-05-01 16:53:12,Weigh the Loaded Truck
assign_tr30_Pcp17,2024-05-01 16:53:20,Assign Truck
assign_tr31_Pcp17,2024-05-01 16:53:31,Assign Truck
weigh_loaded_truck_Pcp33_tr14,2024-05-01 16:53:37,Weigh the Loaded Truck
load_truck_Pcp56_tr22,2024-05-01 16:53:39,Load Truck
eval_trs_exit_tr18_Pcp71,2024-05-01 16:54:09,Evaluate the Truck Exit
weigh_empty_truck_Pcp12_tr46,2024-05-01 16:54:27,Weigh the Empty Truck
weigh_loaded_truck_Pcp30_tr8,2024-05-01 16:54:41,Weigh the Loaded Truck
eval_trs_exit_tr4_Pcp34,2024-05-01 16:54:54,Evaluate the Truck Exit
load_truck_Pcp12_tr46,2024-05-01 16:55:09,Load Truck
input_tally_sheet_Pcp71_tr38,2024-05-01 16:55:37,Input the Tally Sheet
print_w_ticket_Pcp33_tr14,2024-05-01 16:55:37,Print the Weighing Ticket
print_w_ticket_Pcp71_tr38,2024-05-01 16:55:37,Print the Weighing Ticket
input_tally_sheet_Pcp33_tr14,2024-05-01 16:55:37,Input the Tally Sheet
weigh_loaded_truck_Pcp89_tr3,2024-05-01 16:55:53,Weigh the Loaded Truck
weigh_loaded_truck_Pcp94_tr32,2024-05-01 16:56:09,Weigh the Loaded Truck
input_tally_sheet_Pcp30_tr8,2024-05-01 16:56:12,Input the Tally Sheet
print_w_ticket_Pcp30_tr8,2024-05-01 16:56:12,Print the Weighing Ticket
print_w_ticket_Pcp15_tr11,2024-05-01 16:56:14,Print the Weighing Ticket
input_tally_sheet_Pcp15_tr11,2024-05-01 16:56:14,Input the Tally Sheet
eval_trs_exit_tr33_Pcp93,2024-05-01 16:56:19,Evaluate the Truck Exit
eval_trs_exit_tr14_Pcp33,2024-05-01 16:56:44,Evaluate the Truck Exit
eval_trs_exit_tr38_Pcp71,2024-05-01 16:56:44,Evaluate the Truck Exit
eval_trs_exit_tr11_Pcp15,2024-05-01 16:57:50,Evaluate the Truck Exit
eval_trs_exit_tr8_Pcp30,2024-05-01 16:57:55,Evaluate the Truck Exit
weigh_empty_truck_Pcp56_tr2,2024-05-01 16:58:01,Weigh the Empty Truck
assign_tr12_Pcp3,2024-05-01 16:58:13,Assign Truck
load_truck_Pcp56_tr2,2024-05-01 16:58:35,Load Truck
assign_tr19_Pcp3,2024-05-01 16:58:42,Assign Truck
assign_tr26_Pcp14,2024-05-01 16:58:45,Assign Truck
assign_tr24_Pcp14,2024-05-01 16:59:51,Assign Truck
print_w_ticket_Pcp89_tr3,2024-05-01 16:59:54,Print the Weighing Ticket
input_tally_sheet_Pcp89_tr3,2024-05-01 16:59:54,Input the Tally Sheet
weigh_empty_truck_Pcp3_tr19,2024-05-01 17:00:38,Weigh the Empty Truck
print_w_ticket_Pcp94_tr32,2024-05-01 17:00:43,Print the Weighing Ticket
input_tally_sheet_Pcp94_tr32,2024-05-01 17:00:43,Input the Tally Sheet
eval_trs_exit_tr3_Pcp89,2024-05-01 17:00:47,Evaluate the Truck Exit
load_truck_Pcp3_tr19,2024-05-01 17:01:13,Load Truck
weigh_loaded_truck_Pcp1_tr35,2024-05-01 17:01:52,Weigh the Loaded Truck
weigh_empty_truck_Pcp17_tr30,2024-05-01 17:02:03,Weigh the Empty Truck
eval_trs_exit_tr32_Pcp94,2024-05-01 17:02:43,Evaluate the Truck Exit
weigh_empty_truck_Pcp17_tr31,2024-05-01 17:02:59,Weigh the Empty Truck
load_truck_Pcp17_tr30,2024-05-01 17:03:26,Load Truck
load_truck_Pcp17_tr31,2024-05-01 17:03:46,Load Truck
input_tally_sheet_Pcp1_tr35,2024-05-01 17:04:22,Input the Tally Sheet
print_w_ticket_Pcp1_tr35,2024-05-01 17:04:22,Print the Weighing Ticket
weigh_empty_truck_Pcp14_tr24,2024-05-01 17:04:31,Weigh the Empty Truck
assign_tr5_Pcp25,2024-05-01 17:04:33,Assign Truck
load_truck_Pcp14_tr24,2024-05-01 17:05:08,Load Truck
weigh_empty_truck_Pcp3_tr12,2024-05-01 17:05:24,Weigh the Empty Truck
assign_tr45_Pcp25,2024-05-01 17:05:25,Assign Truck
weigh_empty_truck_Pcp14_tr26,2024-05-01 17:06:14,Weigh the Empty Truck
eval_trs_exit_tr35_Pcp1,2024-05-01 17:06:23,Evaluate the Truck Exit
load_truck_Pcp3_tr12,2024-05-01 17:06:46,Load Truck
load_truck_Pcp14_tr26,2024-05-01 17:07:16,Load Truck
weigh_loaded_truck_Pcp84_tr49,2024-05-01 17:08:40,Weigh the Loaded Truck
weigh_empty_truck_Pcp25_tr45,2024-05-01 17:10:08,Weigh the Empty Truck
weigh_empty_truck_Pcp25_tr5,2024-05-01 17:10:25,Weigh the Empty Truck
weigh_loaded_truck_Pcp3_tr19,2024-05-01 17:10:37,Weigh the Loaded Truck
weigh_loaded_truck_Pcp33_tr42,2024-05-01 17:11:03,Weigh the Loaded Truck
load_truck_Pcp25_tr5,2024-05-01 17:11:09,Load Truck
load_truck_Pcp25_tr45,2024-05-01 17:11:44,Load Truck
weigh_loaded_truck_Pcp12_tr46,2024-05-01 17:12:31,Weigh the Loaded Truck
weigh_loaded_truck_Pcp89_tr15,2024-05-01 17:13:11,Weigh the Loaded Truck
assign_tr29_Pcp11,2024-05-01 17:14:46,Assign Truck
print_w_ticket_Pcp89_tr15,2024-05-01 17:14:55,Print the Weighing Ticket
input_tally_sheet_Pcp89_tr15,2024-05-01 17:14:55,Input the Tally Sheet
weigh_loaded_truck_Pcp56_tr2,2024-05-01 17:15:27,Weigh the Loaded Truck
assign_tr25_Pcp11,2024-05-01 17:15:47,Assign Truck
eval_trs_exit_tr15_Pcp89,2024-05-01 17:16:09,Evaluate the Truck Exit
assign_tr1_Pcp96,2024-05-01 17:16:26,Assign Truck
weigh_empty_truck_Pcp11_tr25,2024-05-01 17:16:29,Weigh the Empty Truck
assign_tr47_Pcp96,2024-05-01 17:16:43,Assign Truck
input_tally_sheet_Pcp56_tr2,2024-05-01 17:16:57,Input the Tally Sheet
print_w_ticket_Pcp56_tr2,2024-05-01 17:16:57,Print the Weighing Ticket
input_tally_sheet_Pcp3_tr19,2024-05-01 17:17:00,Input the Tally Sheet
print_w_ticket_Pcp3_tr19,2024-05-01 17:17:00,Print the Weighing Ticket
print_w_ticket_Pcp84_tr49,2024-05-01 17:17:29,Print the Weighing Ticket
input_tally_sheet_Pcp84_tr49,2024-05-01 17:17:29,Input the Tally Sheet
weigh_empty_truck_Pcp11_tr29,2024-05-01 17:17:58,Weigh the Empty Truck
eval_trs_exit_tr2_Pcp56,2024-05-01 17:18:24,Evaluate the Truck Exit
load_truck_Pcp11_tr29,2024-05-01 17:18:43,Load Truck
load_truck_Pcp11_tr25,2024-05-01 17:18:46,Load Truck
eval_trs_exit_tr19_Pcp3,2024-05-01 17:19:19,Evaluate the Truck Exit
weigh_loaded_truck_Pcp8_tr13,2024-05-01 17:19:20,Weigh the Loaded Truck
eval_trs_exit_tr49_Pcp84,2024-05-01 17:19:39,Evaluate the Truck Exit
input_tally_sheet_Pcp33_tr42,2024-05-01 17:20:16,Input the Tally Sheet
print_w_ticket_Pcp33_tr42,2024-05-01 17:20:16,Print the Weighing Ticket
eval_trs_exit_tr42_Pcp33,2024-05-01 17:20:53,Evaluate the Truck Exit
print_w_ticket_Pcp8_tr13,2024-05-01 17:21:22,Print the Weighing Ticket
input_tally_sheet_Pcp8_tr13,2024-05-01 17:21:22,Input the Tally Sheet
input_tally_sheet_Pcp12_tr46,2024-05-01 17:21:39,Input the Tally Sheet
print_w_ticket_Pcp12_tr46,2024-05-01 17:21:39,Print the Weighing Ticket
weigh_empty_truck_Pcp96_tr47,2024-05-01 17:22:16,Weigh the Empty Truck
eval_trs_exit_tr13_Pcp8,2024-05-01 17:22:46,Evaluate the Truck Exit
load_truck_Pcp96_tr47,2024-05-01 17:23:31,Load Truck
eval_trs_exit_tr46_Pcp12,2024-05-01 17:24:12,Evaluate the Truck Exit
weigh_loaded_truck_Pcp15_tr34,2024-05-01 17:24:13,Weigh the Loaded Truck
weigh_loaded_truck_Pcp56_tr22,2024-05-01 17:26:32,Weigh the Loaded Truck
print_w_ticket_Pcp56_tr22,2024-05-01 17:28:46,Print the Weighing Ticket
input_tally_sheet_Pcp56_tr22,2024-05-01 17:28:46,Input the Tally Sheet
weigh_empty_truck_Pcp96_tr1,2024-05-01 17:28:49,Weigh the Empty Truck
weigh_loaded_truck_Pcp17_tr31,2024-05-01 17:29:10,Weigh the Loaded Truck
load_truck_Pcp96_tr1,2024-05-01 17:29:25,Load Truck
eval_trs_exit_tr22_Pcp56,2024-05-01 17:30:09,Evaluate the Truck Exit
weigh_loaded_truck_Pcp11_tr29,2024-05-01 17:31:27,Weigh the Loaded Truck
input_tally_sheet_Pcp15_tr34,2024-05-01 17:31:36,Input the Tally Sheet
print_w_ticket_Pcp15_tr34,2024-05-01 17:31:36,Print the Weighing Ticket
input_tally_sheet_Pcp17_tr31,2024-05-01 17:32:06,Input the Tally Sheet
print_w_ticket_Pcp17_tr31,2024-05-01 17:32:06,Print the Weighing Ticket
eval_trs_exit_tr34_Pcp15,2024-05-01 17:33:28,Evaluate the Truck Exit
weigh_loaded_truck_Pcp11_tr25,2024-05-01 17:34:33,Weigh the Loaded Truck
eval_trs_exit_tr31_Pcp17,2024-05-01 17:34:50,Evaluate the Truck Exit
weigh_loaded_truck_Pcp84_tr44,2024-05-01 17:35:23,Weigh the Loaded Truck
print_w_ticket_Pcp11_tr25,2024-05-01 17:36:31,Print the Weighing Ticket
input_tally_sheet_Pcp11_tr25,2024-05-01 17:36:31,Input the Tally Sheet
input_tally_sheet_Pcp84_tr44,2024-05-01 17:38:15,Input the Tally Sheet
print_w_ticket_Pcp84_tr44,2024-05-01 17:38:15,Print the Weighing Ticket
eval_trs_exit_tr25_Pcp11,2024-05-01 17:40:11,Evaluate the Truck Exit
eval_trs_exit_tr44_Pcp84,2024-05-01 17:41:03,Evaluate the Truck Exit
print_w_ticket_Pcp11_tr29,2024-05-01 17:41:35,Print the Weighing Ticket
input_tally_sheet_Pcp11_tr29,2024-05-01 17:41:35,Input the Tally Sheet
weigh_loaded_truck_Pcp3_tr12,2024-05-01 17:41:48,Weigh the Loaded Truck
eval_trs_exit_tr29_Pcp11,2024-05-01 17:42:22,Evaluate the Truck Exit
print_w_ticket_Pcp3_tr12,2024-05-01 17:48:27,Print the Weighing Ticket
input_tally_sheet_Pcp3_tr12,2024-05-01 17:48:27,Input the Tally Sheet
eval_trs_exit_tr12_Pcp3,2024-05-01 17:50:44,Evaluate the Truck Exit
assign_tr3_Pcp92,2024-05-01 17:56:56,Assign Truck
assign_tr7_Pcp92,2024-05-01 17:58:14,Assign Truck
weigh_loaded_truck_Pcp14_tr24,2024-05-01 18:00:49,Weigh the Loaded Truck
input_tally_sheet_Pcp14_tr24,2024-05-01 18:03:57,Input the Tally Sheet
print_w_ticket_Pcp14_tr24,2024-05-01 18:03:57,Print the Weighing Ticket
weigh_empty_truck_Pcp92_tr3,2024-05-01 18:04:29,Weigh the Empty Truck
eval_trs_exit_tr24_Pcp14,2024-05-01 18:04:55,Evaluate the Truck Exit
load_truck_Pcp92_tr3,2024-05-01 18:05:38,Load Truck
weigh_loaded_truck_Pcp30_tr28,2024-05-01 18:06:01,Weigh the Loaded Truck
weigh_loaded_truck_Pcp14_tr26,2024-05-01 18:06:09,Weigh the Loaded Truck
weigh_loaded_truck_Pcp25_tr45,2024-05-01 18:07:25,Weigh the Loaded Truck
weigh_loaded_truck_Pcp17_tr30,2024-05-01 18:07:51,Weigh the Loaded Truck
input_tally_sheet_Pcp25_tr45,2024-05-01 18:10:47,Input the Tally Sheet
print_w_ticket_Pcp25_tr45,2024-05-01 18:10:47,Print the Weighing Ticket
print_w_ticket_Pcp14_tr26,2024-05-01 18:11:31,Print the Weighing Ticket
input_tally_sheet_Pcp14_tr26,2024-05-01 18:11:31,Input the Tally Sheet
eval_trs_exit_tr26_Pcp14,2024-05-01 18:12:06,Evaluate the Truck Exit
weigh_empty_truck_Pcp92_tr7,2024-05-01 18:12:41,Weigh the Empty Truck
eval_trs_exit_tr45_Pcp25,2024-05-01 18:12:49,Evaluate the Truck Exit
input_tally_sheet_Pcp30_tr28,2024-05-01 18:13:58,Input the Tally Sheet
print_w_ticket_Pcp30_tr28,2024-05-01 18:13:58,Print the Weighing Ticket
load_truck_Pcp92_tr7,2024-05-01 18:15:06,Load Truck
input_tally_sheet_Pcp17_tr30,2024-05-01 18:15:42,Input the Tally Sheet
print_w_ticket_Pcp17_tr30,2024-05-01 18:15:42,Print the Weighing Ticket
eval_trs_exit_tr28_Pcp30,2024-05-01 18:16:01,Evaluate the Truck Exit
eval_trs_exit_tr30_Pcp17,2024-05-01 18:16:54,Evaluate the Truck Exit
weigh_loaded_truck_Pcp25_tr5,2024-05-01 18:36:02,Weigh the Loaded Truck
input_tally_sheet_Pcp25_tr5,2024-05-01 18:40:11,Input the Tally Sheet
print_w_ticket_Pcp25_tr5,2024-05-01 18:40:11,Print the Weighing Ticket
weigh_loaded_truck_Pcp96_tr1,2024-05-01 18:41:58,Weigh the Loaded Truck
eval_trs_exit_tr5_Pcp25,2024-05-01 18:42:17,Evaluate the Truck Exit
weigh_loaded_truck_Pcp12_tr41,2024-05-01 18:47:31,Weigh the Loaded Truck
print_w_ticket_Pcp96_tr1,2024-05-01 18:49:46,Print the Weighing Ticket
input_tally_sheet_Pcp96_tr1,2024-05-01 18:49:46,Input the Tally Sheet
eval_trs_exit_tr1_Pcp96,2024-05-01 18:50:49,Evaluate the Truck Exit
weigh_loaded_truck_Pcp92_tr3,2024-05-01 18:53:33,Weigh the Loaded Truck
input_tally_sheet_Pcp12_tr41,2024-05-01 18:58:01,Input the Tally Sheet
print_w_ticket_Pcp12_tr41,2024-05-01 18:58:01,Print the Weighing Ticket
eval_trs_exit_tr41_Pcp12,2024-05-01 18:59:43,Evaluate the Truck Exit
print_w_ticket_Pcp92_tr3,2024-05-01 19:01:09,Print the Weighing Ticket
input_tally_sheet_Pcp92_tr3,2024-05-01 19:01:09,Input the Tally Sheet
eval_trs_exit_tr3_Pcp92,2024-05-01 19:02:03,Evaluate the Truck Exit
weigh_loaded_truck_Pcp96_tr47,2024-05-01 19:09:25,Weigh the Loaded Truck
assign_tr42_Pcp85,2024-05-01 19:09:39,Assign Truck
assign_tr16_Pcp85,2024-05-01 19:10:33,Assign Truck
weigh_empty_truck_Pcp85_tr42,2024-05-01 19:11:10,Weigh the Empty Truck
load_truck_Pcp85_tr42,2024-05-01 19:11:56,Load Truck
print_w_ticket_Pcp96_tr47,2024-05-01 19:17:02,Print the Weighing Ticket
input_tally_sheet_Pcp96_tr47,2024-05-01 19:17:02,Input the Tally Sheet
eval_trs_exit_tr47_Pcp96,2024-05-01 19:18:59,Evaluate the Truck Exit
weigh_empty_truck_Pcp85_tr16,2024-05-01 19:23:25,Weigh the Empty Truck
load_truck_Pcp85_tr16,2024-05-01 19:24:51,Load Truck
weigh_loaded_truck_Pcp85_tr42,2024-05-01 19:28:27,Weigh the Loaded Truck
input_tally_sheet_Pcp85_tr42,2024-05-01 19:30:02,Input the Tally Sheet
print_w_ticket_Pcp85_tr42,2024-05-01 19:30:02,Print the Weighing Ticket
eval_trs_exit_tr42_Pcp85,2024-05-01 19:31:32,Evaluate the Truck Exit
assign_tr8_Pcp80,2024-05-01 19:35:54,Assign Truck
assign_tr30_Pcp80,2024-05-01 19:36:15,Assign Truck
weigh_empty_truck_Pcp80_tr8,2024-05-01 19:38:50,Weigh the Empty Truck
load_truck_Pcp80_tr8,2024-05-01 19:39:56,Load Truck
weigh_loaded_truck_Pcp85_tr16,2024-05-01 19:40:37,Weigh the Loaded Truck
weigh_empty_truck_Pcp80_tr30,2024-05-01 19:47:49,Weigh the Empty Truck
input_tally_sheet_Pcp85_tr16,2024-05-01 19:47:52,Input the Tally Sheet
print_w_ticket_Pcp85_tr16,2024-05-01 19:47:52,Print the Weighing Ticket
eval_trs_exit_tr16_Pcp85,2024-05-01 19:48:58,Evaluate the Truck Exit
load_truck_Pcp80_tr30,2024-05-01 19:49:45,Load Truck
weigh_loaded_truck_Pcp80_tr8,2024-05-01 19:53:44,Weigh the Loaded Truck
print_w_ticket_Pcp80_tr8,2024-05-01 19:55:14,Print the Weighing Ticket
input_tally_sheet_Pcp80_tr8,2024-05-01 19:55:14,Input the Tally Sheet
eval_trs_exit_tr8_Pcp80,2024-05-01 19:57:12,Evaluate the Truck Exit
weigh_loaded_truck_Pcp80_tr30,2024-05-01 20:04:01,Weigh the Loaded Truck
print_w_ticket_Pcp80_tr30,2024-05-01 20:07:52,Print the Weighing Ticket
input_tally_sheet_Pcp80_tr30,2024-05-01 20:07:52,Input the Tally Sheet
eval_trs_exit_tr30_Pcp80,2024-05-01 20:09:33,Evaluate the Truck Exit
weigh_loaded_truck_Pcp92_tr7,2024-05-01 20:57:30,Weigh the Loaded Truck
print_w_ticket_Pcp92_tr7,2024-05-01 21:10:22,Print the Weighing Ticket
input_tally_sheet_Pcp92_tr7,2024-05-01 21:10:22,Input the Tally Sheet
eval_trs_exit_tr7_Pcp92,2024-05-01 21:11:38,Evaluate the Truck Exit
assign_tr13_Pcp35,2024-05-02 05:42:13,Assign Truck
assign_tr23_Pcp35,2024-05-02 05:42:58,Assign Truck
weigh_empty_truck_Pcp35_tr13,2024-05-02 05:49:53,Weigh the Empty Truck
weigh_empty_truck_Pcp35_tr23,2024-05-02 05:51:02,Weigh the Empty Truck
load_truck_Pcp35_tr13,2024-05-02 05:51:47,Load Truck
load_truck_Pcp35_tr23,2024-05-02 05:51:53,Load Truck
weigh_loaded_truck_Pcp35_tr13,2024-05-02 06:23:12,Weigh the Loaded Truck
print_w_ticket_Pcp35_tr13,2024-05-02 06:26:11,Print the Weighing Ticket
input_tally_sheet_Pcp35_tr13,2024-05-02 06:26:11,Input the Tally Sheet
eval_trs_exit_tr13_Pcp35,2024-05-02 06:28:14,Evaluate the Truck Exit
assign_tr31_Pcp88,2024-05-02 07:41:12,Assign Truck
assign_tr26_Pcp88,2024-05-02 07:41:24,Assign Truck
weigh_empty_truck_Pcp88_tr31,2024-05-02 07:45:33,Weigh the Empty Truck
load_truck_Pcp88_tr31,2024-05-02 07:46:21,Load Truck
assign_tr5_Pcp82,2024-05-02 07:48:43,Assign Truck
weigh_empty_truck_Pcp88_tr26,2024-05-02 07:48:56,Weigh the Empty Truck
load_truck_Pcp88_tr26,2024-05-02 07:50:25,Load Truck
assign_tr13_Pcp82,2024-05-02 07:52:08,Assign Truck
weigh_loaded_truck_Pcp35_tr23,2024-05-02 07:53:55,Weigh the Loaded Truck
weigh_loaded_truck_Pcp88_tr26,2024-05-02 07:57:31,Weigh the Loaded Truck
weigh_empty_truck_Pcp82_tr13,2024-05-02 07:57:34,Weigh the Empty Truck
load_truck_Pcp82_tr13,2024-05-02 07:58:13,Load Truck
print_w_ticket_Pcp35_tr23,2024-05-02 07:58:30,Print the Weighing Ticket
input_tally_sheet_Pcp35_tr23,2024-05-02 07:58:30,Input the Tally Sheet
weigh_empty_truck_Pcp82_tr5,2024-05-02 07:59:38,Weigh the Empty Truck
eval_trs_exit_tr23_Pcp35,2024-05-02 08:00:33,Evaluate the Truck Exit
load_truck_Pcp82_tr5,2024-05-02 08:01:03,Load Truck
input_tally_sheet_Pcp88_tr26,2024-05-02 08:01:52,Input the Tally Sheet
print_w_ticket_Pcp88_tr26,2024-05-02 08:01:52,Print the Weighing Ticket
eval_trs_exit_tr26_Pcp88,2024-05-02 08:02:40,Evaluate the Truck Exit
assign_tr9_Pcp78,2024-05-02 08:15:11,Assign Truck
assign_tr23_Pcp78,2024-05-02 08:15:34,Assign Truck
weigh_empty_truck_Pcp78_tr9,2024-05-02 08:16:38,Weigh the Empty Truck
load_truck_Pcp78_tr9,2024-05-02 08:18:08,Load Truck
weigh_empty_truck_Pcp78_tr23,2024-05-02 08:20:23,Weigh the Empty Truck
load_truck_Pcp78_tr23,2024-05-02 08:21:07,Load Truck
assign_tr42_Pcp61,2024-05-02 08:22:43,Assign Truck
assign_tr21_Pcp61,2024-05-02 08:23:58,Assign Truck
weigh_empty_truck_Pcp61_tr42,2024-05-02 08:24:06,Weigh the Empty Truck
load_truck_Pcp61_tr42,2024-05-02 08:24:49,Load Truck
weigh_loaded_truck_Pcp78_tr23,2024-05-02 08:30:22,Weigh the Loaded Truck
assign_tr30_Pcp57,2024-05-02 08:30:33,Assign Truck
assign_tr29_Pcp57,2024-05-02 08:30:43,Assign Truck
weigh_empty_truck_Pcp61_tr21,2024-05-02 08:34:21,Weigh the Empty Truck
weigh_loaded_truck_Pcp78_tr9,2024-05-02 08:36:09,Weigh the Loaded Truck
weigh_empty_truck_Pcp57_tr30,2024-05-02 08:36:11,Weigh the Empty Truck
print_w_ticket_Pcp78_tr23,2024-05-02 08:36:39,Print the Weighing Ticket
input_tally_sheet_Pcp78_tr23,2024-05-02 08:36:39,Input the Tally Sheet
load_truck_Pcp61_tr21,2024-05-02 08:37:24,Load Truck
load_truck_Pcp57_tr30,2024-05-02 08:37:45,Load Truck
weigh_loaded_truck_Pcp82_tr13,2024-05-02 08:38:49,Weigh the Loaded Truck
input_tally_sheet_Pcp78_tr9,2024-05-02 08:38:50,Input the Tally Sheet
print_w_ticket_Pcp78_tr9,2024-05-02 08:38:50,Print the Weighing Ticket
eval_trs_exit_tr23_Pcp78,2024-05-02 08:38:54,Evaluate the Truck Exit
eval_trs_exit_tr9_Pcp78,2024-05-02 08:40:28,Evaluate the Truck Exit
weigh_empty_truck_Pcp57_tr29,2024-05-02 08:41:21,Weigh the Empty Truck
load_truck_Pcp57_tr29,2024-05-02 08:42:21,Load Truck
weigh_loaded_truck_Pcp61_tr42,2024-05-02 08:44:25,Weigh the Loaded Truck
input_tally_sheet_Pcp82_tr13,2024-05-02 08:45:18,Input the Tally Sheet
print_w_ticket_Pcp82_tr13,2024-05-02 08:45:18,Print the Weighing Ticket
weigh_loaded_truck_Pcp61_tr21,2024-05-02 08:45:40,Weigh the Loaded Truck
eval_trs_exit_tr13_Pcp82,2024-05-02 08:46:35,Evaluate the Truck Exit
input_tally_sheet_Pcp61_tr42,2024-05-02 08:49:51,Input the Tally Sheet
print_w_ticket_Pcp61_tr42,2024-05-02 08:49:51,Print the Weighing Ticket
eval_trs_exit_tr42_Pcp61,2024-05-02 08:51:17,Evaluate the Truck Exit
print_w_ticket_Pcp61_tr21,2024-05-02 08:53:08,Print the Weighing Ticket
input_tally_sheet_Pcp61_tr21,2024-05-02 08:53:08,Input the Tally Sheet
weigh_loaded_truck_Pcp57_tr30,2024-05-02 08:54:09,Weigh the Loaded Truck
assign_tr20_Pcp32,2024-05-02 08:57:08,Assign Truck
print_w_ticket_Pcp57_tr30,2024-05-02 08:57:10,Print the Weighing Ticket
input_tally_sheet_Pcp57_tr30,2024-05-02 08:57:10,Input the Tally Sheet
assign_tr14_Pcp32,2024-05-02 08:57:16,Assign Truck
weigh_empty_truck_Pcp32_tr20,2024-05-02 08:57:48,Weigh the Empty Truck
eval_trs_exit_tr21_Pcp61,2024-05-02 08:58:14,Evaluate the Truck Exit
eval_trs_exit_tr30_Pcp57,2024-05-02 08:58:22,Evaluate the Truck Exit
load_truck_Pcp32_tr20,2024-05-02 08:58:59,Load Truck
weigh_empty_truck_Pcp32_tr14,2024-05-02 08:59:46,Weigh the Empty Truck
weigh_loaded_truck_Pcp88_tr31,2024-05-02 09:00:47,Weigh the Loaded Truck
load_truck_Pcp32_tr14,2024-05-02 09:00:47,Load Truck
assign_tr23_Pcp58,2024-05-02 09:03:19,Assign Truck
assign_tr49_Pcp58,2024-05-02 09:04:51,Assign Truck
print_w_ticket_Pcp88_tr31,2024-05-02 09:05:28,Print the Weighing Ticket
input_tally_sheet_Pcp88_tr31,2024-05-02 09:05:28,Input the Tally Sheet
weigh_empty_truck_Pcp58_tr23,2024-05-02 09:06:42,Weigh the Empty Truck
eval_trs_exit_tr31_Pcp88,2024-05-02 09:06:49,Evaluate the Truck Exit
load_truck_Pcp58_tr23,2024-05-02 09:07:14,Load Truck
weigh_loaded_truck_Pcp82_tr5,2024-05-02 09:10:36,Weigh the Loaded Truck
weigh_empty_truck_Pcp58_tr49,2024-05-02 09:14:28,Weigh the Empty Truck
input_tally_sheet_Pcp82_tr5,2024-05-02 09:17:30,Input the Tally Sheet
print_w_ticket_Pcp82_tr5,2024-05-02 09:17:30,Print the Weighing Ticket
load_truck_Pcp58_tr49,2024-05-02 09:18:13,Load Truck
eval_trs_exit_tr5_Pcp82,2024-05-02 09:18:49,Evaluate the Truck Exit
weigh_loaded_truck_Pcp32_tr20,2024-05-02 09:24:26,Weigh the Loaded Truck
print_w_ticket_Pcp32_tr20,2024-05-02 09:26:32,Print the Weighing Ticket
input_tally_sheet_Pcp32_tr20,2024-05-02 09:26:32,Input the Tally Sheet
eval_trs_exit_tr20_Pcp32,2024-05-02 09:30:56,Evaluate the Truck Exit
assign_tr35_Pcp37,2024-05-02 09:34:00,Assign Truck
assign_tr38_Pcp37,2024-05-02 09:34:30,Assign Truck
weigh_empty_truck_Pcp37_tr35,2024-05-02 09:34:42,Weigh the Empty Truck
load_truck_Pcp37_tr35,2024-05-02 09:36:28,Load Truck
weigh_empty_truck_Pcp37_tr38,2024-05-02 09:38:35,Weigh the Empty Truck
load_truck_Pcp37_tr38,2024-05-02 09:39:28,Load Truck
weigh_loaded_truck_Pcp57_tr29,2024-05-02 09:46:11,Weigh the Loaded Truck
weigh_loaded_truck_Pcp58_tr49,2024-05-02 09:46:26,Weigh the Loaded Truck
assign_tr20_Pcp75,2024-05-02 09:49:06,Assign Truck
assign_tr22_Pcp75,2024-05-02 09:49:49,Assign Truck
weigh_loaded_truck_Pcp37_tr38,2024-05-02 09:50:28,Weigh the Loaded Truck
weigh_empty_truck_Pcp75_tr20,2024-05-02 09:50:48,Weigh the Empty Truck
print_w_ticket_Pcp37_tr38,2024-05-02 09:51:01,Print the Weighing Ticket
input_tally_sheet_Pcp37_tr38,2024-05-02 09:51:01,Input the Tally Sheet
load_truck_Pcp75_tr20,2024-05-02 09:51:33,Load Truck
weigh_empty_truck_Pcp75_tr22,2024-05-02 09:51:39,Weigh the Empty Truck
load_truck_Pcp75_tr22,2024-05-02 09:52:17,Load Truck
input_tally_sheet_Pcp58_tr49,2024-05-02 09:52:42,Input the Tally Sheet
print_w_ticket_Pcp58_tr49,2024-05-02 09:52:42,Print the Weighing Ticket
input_tally_sheet_Pcp57_tr29,2024-05-02 09:53:08,Input the Tally Sheet
print_w_ticket_Pcp57_tr29,2024-05-02 09:53:08,Print the Weighing Ticket
eval_trs_exit_tr38_Pcp37,2024-05-02 09:53:18,Evaluate the Truck Exit
eval_trs_exit_tr29_Pcp57,2024-05-02 09:55:41,Evaluate the Truck Exit
eval_trs_exit_tr49_Pcp58,2024-05-02 09:57:04,Evaluate the Truck Exit
weigh_loaded_truck_Pcp75_tr22,2024-05-02 10:04:16,Weigh the Loaded Truck
print_w_ticket_Pcp75_tr22,2024-05-02 10:14:52,Print the Weighing Ticket
input_tally_sheet_Pcp75_tr22,2024-05-02 10:14:52,Input the Tally Sheet
eval_trs_exit_tr22_Pcp75,2024-05-02 10:18:44,Evaluate the Truck Exit
weigh_loaded_truck_Pcp58_tr23,2024-05-02 10:20:52,Weigh the Loaded Truck
input_tally_sheet_Pcp58_tr23,2024-05-02 10:21:36,Input the Tally Sheet
print_w_ticket_Pcp58_tr23,2024-05-02 10:21:36,Print the Weighing Ticket
eval_trs_exit_tr23_Pcp58,2024-05-02 10:24:48,Evaluate the Truck Exit
weigh_loaded_truck_Pcp32_tr14,2024-05-02 10:49:22,Weigh the Loaded Truck
print_w_ticket_Pcp32_tr14,2024-05-02 10:58:57,Print the Weighing Ticket
input_tally_sheet_Pcp32_tr14,2024-05-02 10:58:57,Input the Tally Sheet
weigh_loaded_truck_Pcp37_tr35,2024-05-02 10:59:44,Weigh the Loaded Truck
eval_trs_exit_tr14_Pcp32,2024-05-02 11:00:35,Evaluate the Truck Exit
print_w_ticket_Pcp37_tr35,2024-05-02 11:08:36,Print the Weighing Ticket
input_tally_sheet_Pcp37_tr35,2024-05-02 11:08:36,Input the Tally Sheet
eval_trs_exit_tr35_Pcp37,2024-05-02 11:09:27,Evaluate the Truck Exit
assign_tr39_Pcp62,2024-05-02 11:14:03,Assign Truck
assign_tr6_Pcp50,2024-05-02 11:16:02,Assign Truck
assign_tr46_Pcp50,2024-05-02 11:16:35,Assign Truck
assign_tr50_Pcp62,2024-05-02 11:16:49,Assign Truck
weigh_empty_truck_Pcp62_tr39,2024-05-02 11:17:51,Weigh the Empty Truck
load_truck_Pcp62_tr39,2024-05-02 11:19:32,Load Truck
weigh_loaded_truck_Pcp75_tr20,2024-05-02 11:19:47,Weigh the Loaded Truck
weigh_empty_truck_Pcp50_tr46,2024-05-02 11:21:48,Weigh the Empty Truck
weigh_empty_truck_Pcp62_tr50,2024-05-02 11:22:46,Weigh the Empty Truck
weigh_empty_truck_Pcp50_tr6,2024-05-02 11:24:04,Weigh the Empty Truck
load_truck_Pcp62_tr50,2024-05-02 11:24:04,Load Truck
input_tally_sheet_Pcp75_tr20,2024-05-02 11:25:10,Input the Tally Sheet
print_w_ticket_Pcp75_tr20,2024-05-02 11:25:10,Print the Weighing Ticket
load_truck_Pcp50_tr46,2024-05-02 11:25:33,Load Truck
load_truck_Pcp50_tr6,2024-05-02 11:26:04,Load Truck
eval_trs_exit_tr20_Pcp75,2024-05-02 11:26:54,Evaluate the Truck Exit
weigh_loaded_truck_Pcp62_tr39,2024-05-02 11:50:50,Weigh the Loaded Truck
weigh_loaded_truck_Pcp50_tr6,2024-05-02 11:55:12,Weigh the Loaded Truck
input_tally_sheet_Pcp62_tr39,2024-05-02 12:00:56,Input the Tally Sheet
print_w_ticket_Pcp62_tr39,2024-05-02 12:00:56,Print the Weighing Ticket
eval_trs_exit_tr39_Pcp62,2024-05-02 12:03:12,Evaluate the Truck Exit
input_tally_sheet_Pcp50_tr6,2024-05-02 12:04:33,Input the Tally Sheet
print_w_ticket_Pcp50_tr6,2024-05-02 12:04:33,Print the Weighing Ticket
eval_trs_exit_tr6_Pcp50,2024-05-02 12:05:48,Evaluate the Truck Exit
assign_tr8_Pcp77,2024-05-02 12:07:16,Assign Truck
assign_tr17_Pcp77,2024-05-02 12:07:19,Assign Truck
weigh_empty_truck_Pcp77_tr8,2024-05-02 12:10:03,Weigh the Empty Truck
load_truck_Pcp77_tr8,2024-05-02 12:11:21,Load Truck
weigh_empty_truck_Pcp77_tr17,2024-05-02 12:15:03,Weigh the Empty Truck
load_truck_Pcp77_tr17,2024-05-02 12:18:30,Load Truck
weigh_loaded_truck_Pcp50_tr46,2024-05-02 12:27:13,Weigh the Loaded Truck
input_tally_sheet_Pcp50_tr46,2024-05-02 12:32:11,Input the Tally Sheet
print_w_ticket_Pcp50_tr46,2024-05-02 12:32:11,Print the Weighing Ticket
eval_trs_exit_tr46_Pcp50,2024-05-02 12:37:15,Evaluate the Truck Exit
assign_tr23_Pcp51,2024-05-02 12:41:51,Assign Truck
assign_tr29_Pcp51,2024-05-02 12:42:54,Assign Truck
weigh_empty_truck_Pcp51_tr29,2024-05-02 12:43:47,Weigh the Empty Truck
weigh_empty_truck_Pcp51_tr23,2024-05-02 12:43:59,Weigh the Empty Truck
load_truck_Pcp51_tr23,2024-05-02 12:45:16,Load Truck
load_truck_Pcp51_tr29,2024-05-02 12:45:20,Load Truck
weigh_loaded_truck_Pcp51_tr23,2024-05-02 12:51:21,Weigh the Loaded Truck
print_w_ticket_Pcp51_tr23,2024-05-02 12:54:13,Print the Weighing Ticket
input_tally_sheet_Pcp51_tr23,2024-05-02 12:54:13,Input the Tally Sheet
eval_trs_exit_tr23_Pcp51,2024-05-02 12:57:50,Evaluate the Truck Exit
weigh_loaded_truck_Pcp77_tr17,2024-05-02 13:02:57,Weigh the Loaded Truck
input_tally_sheet_Pcp77_tr17,2024-05-02 13:11:05,Input the Tally Sheet
print_w_ticket_Pcp77_tr17,2024-05-02 13:11:05,Print the Weighing Ticket
eval_trs_exit_tr17_Pcp77,2024-05-02 13:12:31,Evaluate the Truck Exit
weigh_loaded_truck_Pcp77_tr8,2024-05-02 14:01:19,Weigh the Loaded Truck
input_tally_sheet_Pcp77_tr8,2024-05-02 14:05:45,Input the Tally Sheet
print_w_ticket_Pcp77_tr8,2024-05-02 14:05:45,Print the Weighing Ticket
eval_trs_exit_tr8_Pcp77,2024-05-02 14:10:48,Evaluate the Truck Exit
weigh_loaded_truck_Pcp62_tr50,2024-05-02 14:16:39,Weigh the Loaded Truck
print_w_ticket_Pcp62_tr50,2024-05-02 14:22:25,Print the Weighing Ticket
input_tally_sheet_Pcp62_tr50,2024-05-02 14:22:25,Input the Tally Sheet
eval_trs_exit_tr50_Pcp62,2024-05-02 14:23:32,Evaluate the Truck Exit
weigh_loaded_truck_Pcp51_tr29,2024-05-02 15:12:50,Weigh the Loaded Truck
print_w_ticket_Pcp51_tr29,2024-05-02 15:16:24,Print the Weighing Ticket
input_tally_sheet_Pcp51_tr29,2024-05-02 15:16:24,Input the Tally Sheet
eval_trs_exit_tr29_Pcp51,2024-05-02 15:18:40,Evaluate the Truck Exit
assign_tr29_Pcp70,2024-05-03 15:08:59,Assign Truck
assign_tr49_Pcp70,2024-05-03 15:09:23,Assign Truck
weigh_empty_truck_Pcp70_tr49,2024-05-03 15:17:37,Weigh the Empty Truck
load_truck_Pcp70_tr49,2024-05-03 15:20:18,Load Truck
weigh_empty_truck_Pcp70_tr29,2024-05-03 15:22:06,Weigh the Empty Truck
load_truck_Pcp70_tr29,2024-05-03 15:23:24,Load Truck
weigh_loaded_truck_Pcp70_tr49,2024-05-03 15:33:13,Weigh the Loaded Truck
print_w_ticket_Pcp70_tr49,2024-05-03 15:36:26,Print the Weighing Ticket
input_tally_sheet_Pcp70_tr49,2024-05-03 15:36:26,Input the Tally Sheet
eval_trs_exit_tr49_Pcp70,2024-05-03 15:38:46,Evaluate the Truck Exit
weigh_loaded_truck_Pcp70_tr29,2024-05-03 15:43:38,Weigh the Loaded Truck
print_w_ticket_Pcp70_tr29,2024-05-03 15:47:10,Print the Weighing Ticket
input_tally_sheet_Pcp70_tr29,2024-05-03 15:47:10,Input the Tally Sheet
eval_trs_exit_tr29_Pcp70,2024-05-03 15:48:23,Evaluate the Truck Exit
