Event_id,Object_id,E2O_qualifier
Lodge_Pcp44,Pcp44,Pickup plan being lodged
Lodge_Pcp44,Cr2,Cargo being scheduled for pickup
Lodge_Pcp87,Pcp87,Pickup plan being lodged
Lodge_Pcp87,Cr9,Cargo being scheduled for pickup
Lodge_Pcp48,Pcp48,Pickup plan being lodged
Lodge_Pcp48,Cr20,Cargo being scheduled for pickup
Lodge_Pcp55,Pcp55,Pickup plan being lodged
Lodge_Pcp55,Cr13,Cargo being scheduled for pickup
Lodge_Pcp69,Pcp69,Pickup plan being lodged
Lodge_Pcp69,Cr7,Cargo being scheduled for pickup
Lodge_Pcp18,Pcp18,Pickup plan being lodged
Lodge_Pcp18,Cr1,Cargo being scheduled for pickup
Lodge_Pcp21,Pcp21,Pickup plan being lodged
Lodge_Pcp21,Cr8,Cargo being scheduled for pickup
Lodge_Pcp74,Pcp74,Pickup plan being lodged
Lodge_Pcp74,Cr19,Cargo being scheduled for pickup
Lodge_Pcp23,Pcp23,Pickup plan being lodged
Lodge_Pcp23,Cr17,Cargo being scheduled for pickup
Lodge_Pcp39,Pcp39,Pickup plan being lodged
Lodge_Pcp39,Cr12,Cargo being scheduled for pickup
Lodge_Pcp41,Pcp41,Pickup plan being lodged
Lodge_Pcp41,Cr15,Cargo being scheduled for pickup
Lodge_Pcp29,Pcp29,Pickup plan being lodged
Lodge_Pcp29,Cr10,Cargo being scheduled for pickup
Lodge_Pcp36,Pcp36,Pickup plan being lodged
Lodge_Pcp36,Cr11,Cargo being scheduled for pickup
Lodge_Pcp81,Pcp81,Pickup plan being lodged
Lodge_Pcp81,Cr14,Cargo being scheduled for pickup
Lodge_Pcp22,Pcp22,Pickup plan being lodged
Lodge_Pcp22,Cr5,Cargo being scheduled for pickup
Lodge_Pcp28,Pcp28,Pickup plan being lodged
Lodge_Pcp28,Cr20,Cargo being scheduled for pickup
Lodge_Pcp59,Pcp59,Pickup plan being lodged
Lodge_Pcp59,Cr15,Cargo being scheduled for pickup
Lodge_Pcp7,Pcp7,Pickup plan being lodged
Lodge_Pcp7,Cr16,Cargo being scheduled for pickup
Lodge_Pcp64,Pcp64,Pickup plan being lodged
Lodge_Pcp64,Cr10,Cargo being scheduled for pickup
Lodge_Pcp4,Pcp4,Pickup plan being lodged
Lodge_Pcp4,Cr11,Cargo being scheduled for pickup
Lodge_Pcp5,Pcp5,Pickup plan being lodged
Lodge_Pcp5,Cr2,Cargo being scheduled for pickup
Lodge_Pcp82,Pcp82,Pickup plan being lodged
Lodge_Pcp82,Cr18,Cargo being scheduled for pickup
Lodge_Pcp98,Pcp98,Pickup plan being lodged
Lodge_Pcp98,Cr9,Cargo being scheduled for pickup
Lodge_Pcp86,Pcp86,Pickup plan being lodged
Lodge_Pcp86,Cr17,Cargo being scheduled for pickup
Lodge_Pcp67,Pcp67,Pickup plan being lodged
Lodge_Pcp67,Cr6,Cargo being scheduled for pickup
Lodge_Pcp72,Pcp72,Pickup plan being lodged
Lodge_Pcp72,Cr8,Cargo being scheduled for pickup
Lodge_Pcp38,Pcp38,Pickup plan being lodged
Lodge_Pcp38,Cr4,Cargo being scheduled for pickup
Lodge_Pcp91,Pcp91,Pickup plan being lodged
Lodge_Pcp91,Cr3,Cargo being scheduled for pickup
Lodge_Pcp10,Pcp10,Pickup plan being lodged
Lodge_Pcp10,Cr5,Cargo being scheduled for pickup
Lodge_Pcp63,Pcp63,Pickup plan being lodged
Lodge_Pcp63,Cr17,Cargo being scheduled for pickup
Lodge_Pcp47,Pcp47,Pickup plan being lodged
Lodge_Pcp47,Cr13,Cargo being scheduled for pickup
Lodge_Pcp79,Pcp79,Pickup plan being lodged
Lodge_Pcp79,Cr7,Cargo being scheduled for pickup
Lodge_Pcp16,Pcp16,Pickup plan being lodged
Lodge_Pcp16,Cr8,Cargo being scheduled for pickup
Lodge_Pcp90,Pcp90,Pickup plan being lodged
Lodge_Pcp90,Cr19,Cargo being scheduled for pickup
Lodge_Pcp54,Pcp54,Pickup plan being lodged
Lodge_Pcp54,Cr14,Cargo being scheduled for pickup
Lodge_Pcp53,Pcp53,Pickup plan being lodged
Lodge_Pcp53,Cr1,Cargo being scheduled for pickup
Lodge_Pcp45,Pcp45,Pickup plan being lodged
Lodge_Pcp45,Cr12,Cargo being scheduled for pickup
Lodge_Pcp100,Pcp100,Pickup plan being lodged
Lodge_Pcp100,Cr20,Cargo being scheduled for pickup
Lodge_Pcp49,Pcp49,Pickup plan being lodged
Lodge_Pcp49,Cr15,Cargo being scheduled for pickup
Lodge_Pcp60,Pcp60,Pickup plan being lodged
Lodge_Pcp60,Cr4,Cargo being scheduled for pickup
Lodge_Pcp31,Pcp31,Pickup plan being lodged
Lodge_Pcp31,Cr5,Cargo being scheduled for pickup
Lodge_Pcp66,Pcp66,Pickup plan being lodged
Lodge_Pcp66,Cr12,Cargo being scheduled for pickup
Lodge_Pcp68,Pcp68,Pickup plan being lodged
Lodge_Pcp68,Cr10,Cargo being scheduled for pickup
Lodge_Pcp76,Pcp76,Pickup plan being lodged
Lodge_Pcp76,Cr6,Cargo being scheduled for pickup
Lodge_Pcp83,Pcp83,Pickup plan being lodged
Lodge_Pcp83,Cr2,Cargo being scheduled for pickup
Lodge_Pcp52,Pcp52,Pickup plan being lodged
Lodge_Pcp52,Cr7,Cargo being scheduled for pickup
Lodge_Pcp42,Pcp42,Pickup plan being lodged
Lodge_Pcp42,Cr1,Cargo being scheduled for pickup
Lodge_Pcp2,Pcp2,Pickup plan being lodged
Lodge_Pcp2,Cr18,Cargo being scheduled for pickup
Lodge_Pcp43,Pcp43,Pickup plan being lodged
Lodge_Pcp43,Cr19,Cargo being scheduled for pickup
Lodge_Pcp35,Pcp35,Pickup plan being lodged
Lodge_Pcp35,Cr14,Cargo being scheduled for pickup
Lodge_Pcp34,Pcp34,Pickup plan being lodged
Lodge_Pcp34,Cr6,Cargo being scheduled for pickup
Lodge_Pcp27,Pcp27,Pickup plan being lodged
Lodge_Pcp27,Cr8,Cargo being scheduled for pickup
Lodge_Pcp9,Pcp9,Pickup plan being lodged
Lodge_Pcp9,Cr3,Cargo being scheduled for pickup
Lodge_Pcp24,Pcp24,Pickup plan being lodged
Lodge_Pcp24,Cr9,Cargo being scheduled for pickup
Lodge_Pcp6,Pcp6,Pickup plan being lodged
Lodge_Pcp6,Cr5,Cargo being scheduled for pickup
Lodge_Pcp65,Pcp65,Pickup plan being lodged
Lodge_Pcp65,Cr4,Cargo being scheduled for pickup
Lodge_Pcp20,Pcp20,Pickup plan being lodged
Lodge_Pcp20,Cr11,Cargo being scheduled for pickup
Lodge_Pcp26,Pcp26,Pickup plan being lodged
Lodge_Pcp26,Cr10,Cargo being scheduled for pickup
Lodge_Pcp19,Pcp19,Pickup plan being lodged
Lodge_Pcp19,Cr8,Cargo being scheduled for pickup
Lodge_Pcp97,Pcp97,Pickup plan being lodged
Lodge_Pcp97,Cr12,Cargo being scheduled for pickup
Lodge_Pcp95,Pcp95,Pickup plan being lodged
Lodge_Pcp95,Cr15,Cargo being scheduled for pickup
Lodge_Pcp15,Pcp15,Pickup plan being lodged
Lodge_Pcp15,Cr3,Cargo being scheduled for pickup
Lodge_Pcp94,Pcp94,Pickup plan being lodged
Lodge_Pcp94,Cr6,Cargo being scheduled for pickup
Lodge_Pcp46,Pcp46,Pickup plan being lodged
Lodge_Pcp46,Cr16,Cargo being scheduled for pickup
Lodge_Pcp99,Pcp99,Pickup plan being lodged
Lodge_Pcp99,Cr18,Cargo being scheduled for pickup
Lodge_Pcp73,Pcp73,Pickup plan being lodged
Lodge_Pcp73,Cr5,Cargo being scheduled for pickup
Lodge_Pcp40,Pcp40,Pickup plan being lodged
Lodge_Pcp40,Cr2,Cargo being scheduled for pickup
Lodge_Pcp33,Pcp33,Pickup plan being lodged
Lodge_Pcp33,Cr19,Cargo being scheduled for pickup
Lodge_Pcp84,Pcp84,Pickup plan being lodged
Lodge_Pcp84,Cr14,Cargo being scheduled for pickup
Lodge_Pcp13,Pcp13,Pickup plan being lodged
Lodge_Pcp13,Cr15,Cargo being scheduled for pickup
Lodge_Pcp1,Pcp1,Pickup plan being lodged
Lodge_Pcp1,Cr4,Cargo being scheduled for pickup
Lodge_Pcp89,Pcp89,Pickup plan being lodged
Lodge_Pcp89,Cr20,Cargo being scheduled for pickup
Lodge_Pcp71,Pcp71,Pickup plan being lodged
Lodge_Pcp71,Cr17,Cargo being scheduled for pickup
Lodge_Pcp93,Pcp93,Pickup plan being lodged
Lodge_Pcp93,Cr1,Cargo being scheduled for pickup
Lodge_Pcp8,Pcp8,Pickup plan being lodged
Lodge_Pcp8,Cr10,Cargo being scheduled for pickup
Lodge_Pcp12,Pcp12,Pickup plan being lodged
Lodge_Pcp12,Cr9,Cargo being scheduled for pickup
Lodge_Pcp30,Pcp30,Pickup plan being lodged
Lodge_Pcp30,Cr13,Cargo being scheduled for pickup
Lodge_Pcp56,Pcp56,Pickup plan being lodged
Lodge_Pcp56,Cr11,Cargo being scheduled for pickup
Lodge_Pcp17,Pcp17,Pickup plan being lodged
Lodge_Pcp17,Cr17,Cargo being scheduled for pickup
Lodge_Pcp14,Pcp14,Pickup plan being lodged
Lodge_Pcp14,Cr4,Cargo being scheduled for pickup
Lodge_Pcp3,Pcp3,Pickup plan being lodged
Lodge_Pcp3,Cr16,Cargo being scheduled for pickup
Lodge_Pcp25,Pcp25,Pickup plan being lodged
Lodge_Pcp25,Cr12,Cargo being scheduled for pickup
Lodge_Pcp51,Pcp51,Pickup plan being lodged
Lodge_Pcp51,Cr18,Cargo being scheduled for pickup
Lodge_Pcp96,Pcp96,Pickup plan being lodged
Lodge_Pcp96,Cr8,Cargo being scheduled for pickup
Lodge_Pcp11,Pcp11,Pickup plan being lodged
Lodge_Pcp11,Cr19,Cargo being scheduled for pickup
Lodge_Pcp92,Pcp92,Pickup plan being lodged
Lodge_Pcp92,Cr2,Cargo being scheduled for pickup
Lodge_Pcp85,Pcp85,Pickup plan being lodged
Lodge_Pcp85,Cr3,Cargo being scheduled for pickup
Lodge_Pcp80,Pcp80,Pickup plan being lodged
Lodge_Pcp80,Cr9,Cargo being scheduled for pickup
Lodge_Pcp88,Pcp88,Pickup plan being lodged
Lodge_Pcp88,Cr7,Cargo being scheduled for pickup
Lodge_Pcp78,Pcp78,Pickup plan being lodged
Lodge_Pcp78,Cr5,Cargo being scheduled for pickup
Lodge_Pcp61,Pcp61,Pickup plan being lodged
Lodge_Pcp61,Cr4,Cargo being scheduled for pickup
Lodge_Pcp57,Pcp57,Pickup plan being lodged
Lodge_Pcp57,Cr1,Cargo being scheduled for pickup
Lodge_Pcp32,Pcp32,Pickup plan being lodged
Lodge_Pcp32,Cr6,Cargo being scheduled for pickup
Lodge_Pcp58,Pcp58,Pickup plan being lodged
Lodge_Pcp58,Cr11,Cargo being scheduled for pickup
Lodge_Pcp70,Pcp70,Pickup plan being lodged
Lodge_Pcp70,Cr10,Cargo being scheduled for pickup
Lodge_Pcp37,Pcp37,Pickup plan being lodged
Lodge_Pcp37,Cr20,Cargo being scheduled for pickup
Lodge_Pcp75,Pcp75,Pickup plan being lodged
Lodge_Pcp75,Cr14,Cargo being scheduled for pickup
Lodge_Pcp62,Pcp62,Pickup plan being lodged
Lodge_Pcp62,Cr15,Cargo being scheduled for pickup
Lodge_Pcp50,Pcp50,Pickup plan being lodged
Lodge_Pcp50,Cr17,Cargo being scheduled for pickup
Lodge_Pcp77,Pcp77,Pickup plan being lodged
Lodge_Pcp77,Cr13,Cargo being scheduled for pickup
assign_tr26_Pcp44,tr26,Truck being assigned for pickup
assign_tr49_Pcp44,tr49,Truck being assigned for pickup
weigh_empty_truck_Pcp44_tr26,tr26,Empty truck getting weighed
load_truck_Pcp44_tr26,tr26,Truck being loaded with cargo
weigh_empty_truck_Pcp44_tr49,tr49,Empty truck getting weighed
assign_tr41_Pcp87,tr41,Truck being assigned for pickup
load_truck_Pcp44_tr49,tr49,Truck being loaded with cargo
assign_tr22_Pcp87,tr22,Truck being assigned for pickup
weigh_empty_truck_Pcp87_tr41,tr41,Empty truck getting weighed
load_truck_Pcp87_tr41,tr41,Truck being loaded with cargo
weigh_empty_truck_Pcp87_tr22,tr22,Empty truck getting weighed
load_truck_Pcp87_tr22,tr22,Truck being loaded with cargo
weigh_loaded_truck_Pcp44_tr49,tr49,Loaded truck getting weighed
assign_tr11_Pcp48,tr11,Truck being assigned for pickup
assign_tr4_Pcp48,tr4,Truck being assigned for pickup
weigh_loaded_truck_Pcp87_tr41,tr41,Loaded truck getting weighed
assign_tr19_Pcp55,tr19,Truck being assigned for pickup
weigh_empty_truck_Pcp48_tr4,tr4,Empty truck getting weighed
assign_tr30_Pcp55,tr30,Truck being assigned for pickup
load_truck_Pcp48_tr4,tr4,Truck being loaded with cargo
input_tally_sheet_Pcp44_tr49,tr49,Truck being recorded on tally sheet
print_w_ticket_Pcp44_tr49,tr49,Truck receiving weighing ticket
input_tally_sheet_Pcp87_tr41,tr41,Truck being recorded on tally sheet
print_w_ticket_Pcp87_tr41,tr41,Truck receiving weighing ticket
eval_trs_exit_tr49_Pcp44,tr49,Truck being evaluated for exit
weigh_empty_truck_Pcp55_tr30,tr30,Empty truck getting weighed
eval_trs_exit_tr41_Pcp87,tr41,Truck being evaluated for exit
assign_tr10_Pcp69,tr10,Truck being assigned for pickup
weigh_empty_truck_Pcp55_tr19,tr19,Empty truck getting weighed
assign_tr14_Pcp69,tr14,Truck being assigned for pickup
load_truck_Pcp55_tr30,tr30,Truck being loaded with cargo
weigh_empty_truck_Pcp69_tr10,tr10,Empty truck getting weighed
load_truck_Pcp55_tr19,tr19,Truck being loaded with cargo
load_truck_Pcp69_tr10,tr10,Truck being loaded with cargo
weigh_empty_truck_Pcp48_tr11,tr11,Empty truck getting weighed
load_truck_Pcp48_tr11,tr11,Truck being loaded with cargo
assign_tr18_Pcp18,tr18,Truck being assigned for pickup
assign_tr24_Pcp18,tr24,Truck being assigned for pickup
weigh_empty_truck_Pcp69_tr14,tr14,Empty truck getting weighed
weigh_loaded_truck_Pcp55_tr19,tr19,Loaded truck getting weighed
load_truck_Pcp69_tr14,tr14,Truck being loaded with cargo
weigh_empty_truck_Pcp18_tr24,tr24,Empty truck getting weighed
weigh_empty_truck_Pcp18_tr18,tr18,Empty truck getting weighed
load_truck_Pcp18_tr24,tr24,Truck being loaded with cargo
load_truck_Pcp18_tr18,tr18,Truck being loaded with cargo
print_w_ticket_Pcp55_tr19,tr19,Truck receiving weighing ticket
input_tally_sheet_Pcp55_tr19,tr19,Truck being recorded on tally sheet
eval_trs_exit_tr19_Pcp55,tr19,Truck being evaluated for exit
assign_tr48_Pcp21,tr48,Truck being assigned for pickup
assign_tr33_Pcp21,tr33,Truck being assigned for pickup
weigh_empty_truck_Pcp21_tr33,tr33,Empty truck getting weighed
load_truck_Pcp21_tr33,tr33,Truck being loaded with cargo
weigh_empty_truck_Pcp21_tr48,tr48,Empty truck getting weighed
load_truck_Pcp21_tr48,tr48,Truck being loaded with cargo
assign_tr8_Pcp74,tr8,Truck being assigned for pickup
assign_tr43_Pcp74,tr43,Truck being assigned for pickup
assign_tr12_Pcp23,tr12,Truck being assigned for pickup
assign_tr41_Pcp23,tr41,Truck being assigned for pickup
weigh_empty_truck_Pcp23_tr12,tr12,Empty truck getting weighed
weigh_empty_truck_Pcp23_tr41,tr41,Empty truck getting weighed
weigh_loaded_truck_Pcp87_tr22,tr22,Loaded truck getting weighed
load_truck_Pcp23_tr41,tr41,Truck being loaded with cargo
weigh_empty_truck_Pcp74_tr8,tr8,Empty truck getting weighed
load_truck_Pcp74_tr8,tr8,Truck being loaded with cargo
load_truck_Pcp23_tr12,tr12,Truck being loaded with cargo
assign_tr40_Pcp39,tr40,Truck being assigned for pickup
assign_tr36_Pcp39,tr36,Truck being assigned for pickup
weigh_empty_truck_Pcp39_tr36,tr36,Empty truck getting weighed
load_truck_Pcp39_tr36,tr36,Truck being loaded with cargo
weigh_empty_truck_Pcp39_tr40,tr40,Empty truck getting weighed
weigh_empty_truck_Pcp74_tr43,tr43,Empty truck getting weighed
weigh_loaded_truck_Pcp18_tr24,tr24,Loaded truck getting weighed
load_truck_Pcp39_tr40,tr40,Truck being loaded with cargo
load_truck_Pcp74_tr43,tr43,Truck being loaded with cargo
weigh_loaded_truck_Pcp23_tr41,tr41,Loaded truck getting weighed
assign_tr37_Pcp41,tr37,Truck being assigned for pickup
assign_tr47_Pcp41,tr47,Truck being assigned for pickup
weigh_loaded_truck_Pcp21_tr48,tr48,Loaded truck getting weighed
weigh_empty_truck_Pcp41_tr37,tr37,Empty truck getting weighed
weigh_empty_truck_Pcp41_tr47,tr47,Empty truck getting weighed
input_tally_sheet_Pcp87_tr22,tr22,Truck being recorded on tally sheet
print_w_ticket_Pcp87_tr22,tr22,Truck receiving weighing ticket
load_truck_Pcp41_tr37,tr37,Truck being loaded with cargo
weigh_loaded_truck_Pcp44_tr26,tr26,Loaded truck getting weighed
load_truck_Pcp41_tr47,tr47,Truck being loaded with cargo
print_w_ticket_Pcp21_tr48,tr48,Truck receiving weighing ticket
input_tally_sheet_Pcp21_tr48,tr48,Truck being recorded on tally sheet
input_tally_sheet_Pcp23_tr41,tr41,Truck being recorded on tally sheet
print_w_ticket_Pcp23_tr41,tr41,Truck receiving weighing ticket
eval_trs_exit_tr48_Pcp21,tr48,Truck being evaluated for exit
eval_trs_exit_tr22_Pcp87,tr22,Truck being evaluated for exit
eval_trs_exit_tr41_Pcp23,tr41,Truck being evaluated for exit
print_w_ticket_Pcp18_tr24,tr24,Truck receiving weighing ticket
input_tally_sheet_Pcp18_tr24,tr24,Truck being recorded on tally sheet
weigh_loaded_truck_Pcp69_tr14,tr14,Loaded truck getting weighed
assign_tr20_Pcp29,tr20,Truck being assigned for pickup
print_w_ticket_Pcp44_tr26,tr26,Truck receiving weighing ticket
input_tally_sheet_Pcp44_tr26,tr26,Truck being recorded on tally sheet
eval_trs_exit_tr24_Pcp18,tr24,Truck being evaluated for exit
weigh_loaded_truck_Pcp69_tr10,tr10,Loaded truck getting weighed
assign_tr49_Pcp29,tr49,Truck being assigned for pickup
eval_trs_exit_tr26_Pcp44,tr26,Truck being evaluated for exit
print_w_ticket_Pcp69_tr10,tr10,Truck receiving weighing ticket
input_tally_sheet_Pcp69_tr10,tr10,Truck being recorded on tally sheet
weigh_loaded_truck_Pcp18_tr18,tr18,Loaded truck getting weighed
assign_tr3_Pcp81,tr3,Truck being assigned for pickup
assign_tr44_Pcp81,tr44,Truck being assigned for pickup
assign_tr6_Pcp36,tr6,Truck being assigned for pickup
eval_trs_exit_tr10_Pcp69,tr10,Truck being evaluated for exit
input_tally_sheet_Pcp69_tr14,tr14,Truck being recorded on tally sheet
print_w_ticket_Pcp69_tr14,tr14,Truck receiving weighing ticket
weigh_empty_truck_Pcp81_tr3,tr3,Empty truck getting weighed
input_tally_sheet_Pcp18_tr18,tr18,Truck being recorded on tally sheet
print_w_ticket_Pcp18_tr18,tr18,Truck receiving weighing ticket
assign_tr27_Pcp36,tr27,Truck being assigned for pickup
weigh_empty_truck_Pcp29_tr20,tr20,Empty truck getting weighed
assign_tr2_Pcp22,tr2,Truck being assigned for pickup
load_truck_Pcp81_tr3,tr3,Truck being loaded with cargo
load_truck_Pcp29_tr20,tr20,Truck being loaded with cargo
eval_trs_exit_tr18_Pcp18,tr18,Truck being evaluated for exit
eval_trs_exit_tr14_Pcp69,tr14,Truck being evaluated for exit
weigh_empty_truck_Pcp36_tr27,tr27,Empty truck getting weighed
weigh_loaded_truck_Pcp39_tr36,tr36,Loaded truck getting weighed
weigh_empty_truck_Pcp29_tr49,tr49,Empty truck getting weighed
assign_tr31_Pcp22,tr31,Truck being assigned for pickup
load_truck_Pcp36_tr27,tr27,Truck being loaded with cargo
weigh_empty_truck_Pcp22_tr2,tr2,Empty truck getting weighed
weigh_loaded_truck_Pcp48_tr11,tr11,Loaded truck getting weighed
weigh_empty_truck_Pcp81_tr44,tr44,Empty truck getting weighed
load_truck_Pcp22_tr2,tr2,Truck being loaded with cargo
load_truck_Pcp81_tr44,tr44,Truck being loaded with cargo
input_tally_sheet_Pcp48_tr11,tr11,Truck being recorded on tally sheet
print_w_ticket_Pcp48_tr11,tr11,Truck receiving weighing ticket
load_truck_Pcp29_tr49,tr49,Truck being loaded with cargo
weigh_empty_truck_Pcp36_tr6,tr6,Empty truck getting weighed
load_truck_Pcp36_tr6,tr6,Truck being loaded with cargo
weigh_loaded_truck_Pcp23_tr12,tr12,Loaded truck getting weighed
weigh_empty_truck_Pcp22_tr31,tr31,Empty truck getting weighed
input_tally_sheet_Pcp39_tr36,tr36,Truck being recorded on tally sheet
print_w_ticket_Pcp39_tr36,tr36,Truck receiving weighing ticket
eval_trs_exit_tr11_Pcp48,tr11,Truck being evaluated for exit
weigh_loaded_truck_Pcp81_tr3,tr3,Loaded truck getting weighed
load_truck_Pcp22_tr31,tr31,Truck being loaded with cargo
eval_trs_exit_tr36_Pcp39,tr36,Truck being evaluated for exit
weigh_loaded_truck_Pcp29_tr20,tr20,Loaded truck getting weighed
assign_tr10_Pcp28,tr10,Truck being assigned for pickup
assign_tr25_Pcp59,tr25,Truck being assigned for pickup
weigh_empty_truck_Pcp59_tr25,tr25,Empty truck getting weighed
assign_tr23_Pcp59,tr23,Truck being assigned for pickup
weigh_loaded_truck_Pcp48_tr4,tr4,Loaded truck getting weighed
load_truck_Pcp59_tr25,tr25,Truck being loaded with cargo
weigh_empty_truck_Pcp59_tr23,tr23,Empty truck getting weighed
assign_tr38_Pcp28,tr38,Truck being assigned for pickup
weigh_empty_truck_Pcp28_tr10,tr10,Empty truck getting weighed
load_truck_Pcp59_tr23,tr23,Truck being loaded with cargo
load_truck_Pcp28_tr10,tr10,Truck being loaded with cargo
assign_tr42_Pcp7,tr42,Truck being assigned for pickup
input_tally_sheet_Pcp48_tr4,tr4,Truck being recorded on tally sheet
print_w_ticket_Pcp48_tr4,tr4,Truck receiving weighing ticket
weigh_empty_truck_Pcp7_tr42,tr42,Empty truck getting weighed
eval_trs_exit_tr4_Pcp48,tr4,Truck being evaluated for exit
weigh_empty_truck_Pcp28_tr38,tr38,Empty truck getting weighed
load_truck_Pcp28_tr38,tr38,Truck being loaded with cargo
load_truck_Pcp7_tr42,tr42,Truck being loaded with cargo
print_w_ticket_Pcp29_tr20,tr20,Truck receiving weighing ticket
input_tally_sheet_Pcp29_tr20,tr20,Truck being recorded on tally sheet
weigh_loaded_truck_Pcp55_tr30,tr30,Loaded truck getting weighed
assign_tr48_Pcp7,tr48,Truck being assigned for pickup
weigh_empty_truck_Pcp7_tr48,tr48,Empty truck getting weighed
eval_trs_exit_tr20_Pcp29,tr20,Truck being evaluated for exit
input_tally_sheet_Pcp81_tr3,tr3,Truck being recorded on tally sheet
print_w_ticket_Pcp81_tr3,tr3,Truck receiving weighing ticket
assign_tr35_Pcp64,tr35,Truck being assigned for pickup
assign_tr32_Pcp64,tr32,Truck being assigned for pickup
load_truck_Pcp7_tr48,tr48,Truck being loaded with cargo
input_tally_sheet_Pcp23_tr12,tr12,Truck being recorded on tally sheet
print_w_ticket_Pcp23_tr12,tr12,Truck receiving weighing ticket
weigh_empty_truck_Pcp64_tr35,tr35,Empty truck getting weighed
eval_trs_exit_tr3_Pcp81,tr3,Truck being evaluated for exit
eval_trs_exit_tr12_Pcp23,tr12,Truck being evaluated for exit
weigh_empty_truck_Pcp64_tr32,tr32,Empty truck getting weighed
weigh_loaded_truck_Pcp41_tr37,tr37,Loaded truck getting weighed
assign_tr17_Pcp4,tr17,Truck being assigned for pickup
assign_tr24_Pcp4,tr24,Truck being assigned for pickup
load_truck_Pcp64_tr35,tr35,Truck being loaded with cargo
load_truck_Pcp64_tr32,tr32,Truck being loaded with cargo
assign_tr39_Pcp5,tr39,Truck being assigned for pickup
input_tally_sheet_Pcp41_tr37,tr37,Truck being recorded on tally sheet
print_w_ticket_Pcp41_tr37,tr37,Truck receiving weighing ticket
weigh_empty_truck_Pcp4_tr17,tr17,Empty truck getting weighed
assign_tr22_Pcp5,tr22,Truck being assigned for pickup
weigh_empty_truck_Pcp5_tr22,tr22,Empty truck getting weighed
load_truck_Pcp4_tr17,tr17,Truck being loaded with cargo
input_tally_sheet_Pcp55_tr30,tr30,Truck being recorded on tally sheet
print_w_ticket_Pcp55_tr30,tr30,Truck receiving weighing ticket
eval_trs_exit_tr37_Pcp41,tr37,Truck being evaluated for exit
weigh_loaded_truck_Pcp74_tr43,tr43,Loaded truck getting weighed
load_truck_Pcp5_tr22,tr22,Truck being loaded with cargo
weigh_loaded_truck_Pcp81_tr44,tr44,Loaded truck getting weighed
eval_trs_exit_tr30_Pcp55,tr30,Truck being evaluated for exit
weigh_loaded_truck_Pcp22_tr2,tr2,Loaded truck getting weighed
weigh_empty_truck_Pcp5_tr39,tr39,Empty truck getting weighed
weigh_loaded_truck_Pcp41_tr47,tr47,Loaded truck getting weighed
assign_tr3_Pcp98,tr3,Truck being assigned for pickup
print_w_ticket_Pcp74_tr43,tr43,Truck receiving weighing ticket
input_tally_sheet_Pcp74_tr43,tr43,Truck being recorded on tally sheet
assign_tr46_Pcp86,tr46,Truck being assigned for pickup
assign_tr28_Pcp86,tr28,Truck being assigned for pickup
weigh_empty_truck_Pcp98_tr3,tr3,Empty truck getting weighed
weigh_loaded_truck_Pcp64_tr35,tr35,Loaded truck getting weighed
weigh_empty_truck_Pcp4_tr24,tr24,Empty truck getting weighed
eval_trs_exit_tr43_Pcp74,tr43,Truck being evaluated for exit
load_truck_Pcp4_tr24,tr24,Truck being loaded with cargo
load_truck_Pcp98_tr3,tr3,Truck being loaded with cargo
weigh_loaded_truck_Pcp22_tr31,tr31,Loaded truck getting weighed
input_tally_sheet_Pcp22_tr2,tr2,Truck being recorded on tally sheet
print_w_ticket_Pcp22_tr2,tr2,Truck receiving weighing ticket
load_truck_Pcp5_tr39,tr39,Truck being loaded with cargo
print_w_ticket_Pcp64_tr35,tr35,Truck receiving weighing ticket
input_tally_sheet_Pcp64_tr35,tr35,Truck being recorded on tally sheet
assign_tr19_Pcp98,tr19,Truck being assigned for pickup
print_w_ticket_Pcp81_tr44,tr44,Truck receiving weighing ticket
input_tally_sheet_Pcp81_tr44,tr44,Truck being recorded on tally sheet
weigh_empty_truck_Pcp98_tr19,tr19,Empty truck getting weighed
weigh_loaded_truck_Pcp28_tr38,tr38,Loaded truck getting weighed
input_tally_sheet_Pcp41_tr47,tr47,Truck being recorded on tally sheet
print_w_ticket_Pcp41_tr47,tr47,Truck receiving weighing ticket
eval_trs_exit_tr44_Pcp81,tr44,Truck being evaluated for exit
weigh_loaded_truck_Pcp74_tr8,tr8,Loaded truck getting weighed
eval_trs_exit_tr47_Pcp41,tr47,Truck being evaluated for exit
load_truck_Pcp98_tr19,tr19,Truck being loaded with cargo
eval_trs_exit_tr35_Pcp64,tr35,Truck being evaluated for exit
eval_trs_exit_tr2_Pcp22,tr2,Truck being evaluated for exit
input_tally_sheet_Pcp28_tr38,tr38,Truck being recorded on tally sheet
print_w_ticket_Pcp28_tr38,tr38,Truck receiving weighing ticket
weigh_empty_truck_Pcp86_tr28,tr28,Empty truck getting weighed
weigh_loaded_truck_Pcp59_tr25,tr25,Loaded truck getting weighed
load_truck_Pcp86_tr28,tr28,Truck being loaded with cargo
eval_trs_exit_tr38_Pcp28,tr38,Truck being evaluated for exit
input_tally_sheet_Pcp74_tr8,tr8,Truck being recorded on tally sheet
print_w_ticket_Pcp74_tr8,tr8,Truck receiving weighing ticket
weigh_empty_truck_Pcp86_tr46,tr46,Empty truck getting weighed
input_tally_sheet_Pcp59_tr25,tr25,Truck being recorded on tally sheet
print_w_ticket_Pcp59_tr25,tr25,Truck receiving weighing ticket
print_w_ticket_Pcp22_tr31,tr31,Truck receiving weighing ticket
input_tally_sheet_Pcp22_tr31,tr31,Truck being recorded on tally sheet
eval_trs_exit_tr8_Pcp74,tr8,Truck being evaluated for exit
eval_trs_exit_tr31_Pcp22,tr31,Truck being evaluated for exit
assign_tr15_Pcp67,tr15,Truck being assigned for pickup
assign_tr14_Pcp67,tr14,Truck being assigned for pickup
weigh_empty_truck_Pcp67_tr15,tr15,Empty truck getting weighed
load_truck_Pcp67_tr15,tr15,Truck being loaded with cargo
load_truck_Pcp86_tr46,tr46,Truck being loaded with cargo
eval_trs_exit_tr25_Pcp59,tr25,Truck being evaluated for exit
weigh_loaded_truck_Pcp59_tr23,tr23,Loaded truck getting weighed
weigh_loaded_truck_Pcp5_tr22,tr22,Loaded truck getting weighed
weigh_loaded_truck_Pcp36_tr27,tr27,Loaded truck getting weighed
assign_tr44_Pcp72,tr44,Truck being assigned for pickup
assign_tr29_Pcp72,tr29,Truck being assigned for pickup
print_w_ticket_Pcp59_tr23,tr23,Truck receiving weighing ticket
input_tally_sheet_Pcp59_tr23,tr23,Truck being recorded on tally sheet
weigh_loaded_truck_Pcp36_tr6,tr6,Loaded truck getting weighed
weigh_loaded_truck_Pcp67_tr15,tr15,Loaded truck getting weighed
eval_trs_exit_tr23_Pcp59,tr23,Truck being evaluated for exit
weigh_empty_truck_Pcp72_tr29,tr29,Empty truck getting weighed
assign_tr12_Pcp38,tr12,Truck being assigned for pickup
weigh_empty_truck_Pcp67_tr14,tr14,Empty truck getting weighed
assign_tr25_Pcp38,tr25,Truck being assigned for pickup
print_w_ticket_Pcp36_tr27,tr27,Truck receiving weighing ticket
input_tally_sheet_Pcp36_tr27,tr27,Truck being recorded on tally sheet
input_tally_sheet_Pcp5_tr22,tr22,Truck being recorded on tally sheet
print_w_ticket_Pcp5_tr22,tr22,Truck receiving weighing ticket
load_truck_Pcp67_tr14,tr14,Truck being loaded with cargo
load_truck_Pcp72_tr29,tr29,Truck being loaded with cargo
weigh_empty_truck_Pcp38_tr12,tr12,Empty truck getting weighed
eval_trs_exit_tr22_Pcp5,tr22,Truck being evaluated for exit
eval_trs_exit_tr27_Pcp36,tr27,Truck being evaluated for exit
load_truck_Pcp38_tr12,tr12,Truck being loaded with cargo
print_w_ticket_Pcp36_tr6,tr6,Truck receiving weighing ticket
input_tally_sheet_Pcp36_tr6,tr6,Truck being recorded on tally sheet
assign_tr31_Pcp10,tr31,Truck being assigned for pickup
weigh_loaded_truck_Pcp7_tr42,tr42,Loaded truck getting weighed
assign_tr36_Pcp91,tr36,Truck being assigned for pickup
assign_tr38_Pcp10,tr38,Truck being assigned for pickup
eval_trs_exit_tr6_Pcp36,tr6,Truck being evaluated for exit
weigh_empty_truck_Pcp72_tr44,tr44,Empty truck getting weighed
assign_tr21_Pcp91,tr21,Truck being assigned for pickup
assign_tr41_Pcp63,tr41,Truck being assigned for pickup
input_tally_sheet_Pcp67_tr15,tr15,Truck being recorded on tally sheet
print_w_ticket_Pcp67_tr15,tr15,Truck receiving weighing ticket
eval_trs_exit_tr15_Pcp67,tr15,Truck being evaluated for exit
weigh_empty_truck_Pcp10_tr38,tr38,Empty truck getting weighed
load_truck_Pcp72_tr44,tr44,Truck being loaded with cargo
weigh_loaded_truck_Pcp86_tr28,tr28,Loaded truck getting weighed
weigh_empty_truck_Pcp63_tr41,tr41,Empty truck getting weighed
weigh_empty_truck_Pcp38_tr25,tr25,Empty truck getting weighed
weigh_empty_truck_Pcp10_tr31,tr31,Empty truck getting weighed
load_truck_Pcp38_tr25,tr25,Truck being loaded with cargo
load_truck_Pcp10_tr38,tr38,Truck being loaded with cargo
print_w_ticket_Pcp7_tr42,tr42,Truck receiving weighing ticket
input_tally_sheet_Pcp7_tr42,tr42,Truck being recorded on tally sheet
assign_tr8_Pcp63,tr8,Truck being assigned for pickup
load_truck_Pcp63_tr41,tr41,Truck being loaded with cargo
load_truck_Pcp10_tr31,tr31,Truck being loaded with cargo
eval_trs_exit_tr42_Pcp7,tr42,Truck being evaluated for exit
weigh_empty_truck_Pcp91_tr21,tr21,Empty truck getting weighed
weigh_loaded_truck_Pcp38_tr12,tr12,Loaded truck getting weighed
load_truck_Pcp91_tr21,tr21,Truck being loaded with cargo
assign_tr35_Pcp47,tr35,Truck being assigned for pickup
weigh_empty_truck_Pcp91_tr36,tr36,Empty truck getting weighed
input_tally_sheet_Pcp38_tr12,tr12,Truck being recorded on tally sheet
print_w_ticket_Pcp38_tr12,tr12,Truck receiving weighing ticket
weigh_loaded_truck_Pcp86_tr46,tr46,Loaded truck getting weighed
load_truck_Pcp91_tr36,tr36,Truck being loaded with cargo
weigh_loaded_truck_Pcp63_tr41,tr41,Loaded truck getting weighed
assign_tr1_Pcp47,tr1,Truck being assigned for pickup
eval_trs_exit_tr12_Pcp38,tr12,Truck being evaluated for exit
weigh_loaded_truck_Pcp4_tr24,tr24,Loaded truck getting weighed
weigh_empty_truck_Pcp47_tr35,tr35,Empty truck getting weighed
print_w_ticket_Pcp86_tr46,tr46,Truck receiving weighing ticket
input_tally_sheet_Pcp86_tr46,tr46,Truck being recorded on tally sheet
input_tally_sheet_Pcp63_tr41,tr41,Truck being recorded on tally sheet
print_w_ticket_Pcp63_tr41,tr41,Truck receiving weighing ticket
weigh_loaded_truck_Pcp98_tr19,tr19,Loaded truck getting weighed
print_w_ticket_Pcp4_tr24,tr24,Truck receiving weighing ticket
input_tally_sheet_Pcp4_tr24,tr24,Truck being recorded on tally sheet
eval_trs_exit_tr46_Pcp86,tr46,Truck being evaluated for exit
load_truck_Pcp47_tr35,tr35,Truck being loaded with cargo
input_tally_sheet_Pcp86_tr28,tr28,Truck being recorded on tally sheet
print_w_ticket_Pcp86_tr28,tr28,Truck receiving weighing ticket
assign_tr13_Pcp79,tr13,Truck being assigned for pickup
assign_tr27_Pcp79,tr27,Truck being assigned for pickup
eval_trs_exit_tr41_Pcp63,tr41,Truck being evaluated for exit
eval_trs_exit_tr24_Pcp4,tr24,Truck being evaluated for exit
weigh_loaded_truck_Pcp21_tr33,tr33,Loaded truck getting weighed
input_tally_sheet_Pcp98_tr19,tr19,Truck being recorded on tally sheet
print_w_ticket_Pcp98_tr19,tr19,Truck receiving weighing ticket
weigh_empty_truck_Pcp63_tr8,tr8,Empty truck getting weighed
eval_trs_exit_tr19_Pcp98,tr19,Truck being evaluated for exit
weigh_empty_truck_Pcp47_tr1,tr1,Empty truck getting weighed
weigh_empty_truck_Pcp79_tr13,tr13,Empty truck getting weighed
weigh_loaded_truck_Pcp72_tr44,tr44,Loaded truck getting weighed
load_truck_Pcp47_tr1,tr1,Truck being loaded with cargo
weigh_loaded_truck_Pcp98_tr3,tr3,Loaded truck getting weighed
weigh_loaded_truck_Pcp10_tr31,tr31,Loaded truck getting weighed
assign_tr4_Pcp16,tr4,Truck being assigned for pickup
load_truck_Pcp63_tr8,tr8,Truck being loaded with cargo
weigh_empty_truck_Pcp79_tr27,tr27,Empty truck getting weighed
weigh_loaded_truck_Pcp28_tr10,tr10,Loaded truck getting weighed
load_truck_Pcp79_tr13,tr13,Truck being loaded with cargo
weigh_loaded_truck_Pcp91_tr36,tr36,Loaded truck getting weighed
weigh_loaded_truck_Pcp10_tr38,tr38,Loaded truck getting weighed
load_truck_Pcp79_tr27,tr27,Truck being loaded with cargo
assign_tr18_Pcp16,tr18,Truck being assigned for pickup
eval_trs_exit_tr28_Pcp86,tr28,Truck being evaluated for exit
print_w_ticket_Pcp21_tr33,tr33,Truck receiving weighing ticket
input_tally_sheet_Pcp21_tr33,tr33,Truck being recorded on tally sheet
weigh_empty_truck_Pcp16_tr18,tr18,Empty truck getting weighed
load_truck_Pcp16_tr18,tr18,Truck being loaded with cargo
input_tally_sheet_Pcp10_tr31,tr31,Truck being recorded on tally sheet
print_w_ticket_Pcp10_tr31,tr31,Truck receiving weighing ticket
weigh_empty_truck_Pcp16_tr4,tr4,Empty truck getting weighed
eval_trs_exit_tr31_Pcp10,tr31,Truck being evaluated for exit
weigh_loaded_truck_Pcp91_tr21,tr21,Loaded truck getting weighed
load_truck_Pcp16_tr4,tr4,Truck being loaded with cargo
weigh_loaded_truck_Pcp5_tr39,tr39,Loaded truck getting weighed
weigh_loaded_truck_Pcp4_tr17,tr17,Loaded truck getting weighed
print_w_ticket_Pcp28_tr10,tr10,Truck receiving weighing ticket
input_tally_sheet_Pcp28_tr10,tr10,Truck being recorded on tally sheet
input_tally_sheet_Pcp91_tr36,tr36,Truck being recorded on tally sheet
print_w_ticket_Pcp91_tr36,tr36,Truck receiving weighing ticket
assign_tr11_Pcp90,tr11,Truck being assigned for pickup
eval_trs_exit_tr33_Pcp21,tr33,Truck being evaluated for exit
eval_trs_exit_tr10_Pcp28,tr10,Truck being evaluated for exit
assign_tr15_Pcp90,tr15,Truck being assigned for pickup
input_tally_sheet_Pcp91_tr21,tr21,Truck being recorded on tally sheet
print_w_ticket_Pcp91_tr21,tr21,Truck receiving weighing ticket
weigh_loaded_truck_Pcp39_tr40,tr40,Loaded truck getting weighed
input_tally_sheet_Pcp5_tr39,tr39,Truck being recorded on tally sheet
print_w_ticket_Pcp5_tr39,tr39,Truck receiving weighing ticket
weigh_empty_truck_Pcp90_tr11,tr11,Empty truck getting weighed
input_tally_sheet_Pcp72_tr44,tr44,Truck being recorded on tally sheet
print_w_ticket_Pcp72_tr44,tr44,Truck receiving weighing ticket
eval_trs_exit_tr21_Pcp91,tr21,Truck being evaluated for exit
eval_trs_exit_tr44_Pcp72,tr44,Truck being evaluated for exit
eval_trs_exit_tr36_Pcp91,tr36,Truck being evaluated for exit
print_w_ticket_Pcp10_tr38,tr38,Truck receiving weighing ticket
input_tally_sheet_Pcp10_tr38,tr38,Truck being recorded on tally sheet
load_truck_Pcp90_tr11,tr11,Truck being loaded with cargo
weigh_loaded_truck_Pcp29_tr49,tr49,Loaded truck getting weighed
eval_trs_exit_tr39_Pcp5,tr39,Truck being evaluated for exit
weigh_empty_truck_Pcp90_tr15,tr15,Empty truck getting weighed
eval_trs_exit_tr38_Pcp10,tr38,Truck being evaluated for exit
print_w_ticket_Pcp39_tr40,tr40,Truck receiving weighing ticket
input_tally_sheet_Pcp39_tr40,tr40,Truck being recorded on tally sheet
assign_tr34_Pcp54,tr34,Truck being assigned for pickup
print_w_ticket_Pcp98_tr3,tr3,Truck receiving weighing ticket
input_tally_sheet_Pcp98_tr3,tr3,Truck being recorded on tally sheet
weigh_empty_truck_Pcp54_tr34,tr34,Empty truck getting weighed
load_truck_Pcp90_tr15,tr15,Truck being loaded with cargo
load_truck_Pcp54_tr34,tr34,Truck being loaded with cargo
input_tally_sheet_Pcp29_tr49,tr49,Truck being recorded on tally sheet
print_w_ticket_Pcp29_tr49,tr49,Truck receiving weighing ticket
assign_tr16_Pcp54,tr16,Truck being assigned for pickup
eval_trs_exit_tr40_Pcp39,tr40,Truck being evaluated for exit
eval_trs_exit_tr3_Pcp98,tr3,Truck being evaluated for exit
input_tally_sheet_Pcp4_tr17,tr17,Truck being recorded on tally sheet
print_w_ticket_Pcp4_tr17,tr17,Truck receiving weighing ticket
eval_trs_exit_tr49_Pcp29,tr49,Truck being evaluated for exit
eval_trs_exit_tr17_Pcp4,tr17,Truck being evaluated for exit
assign_tr5_Pcp53,tr5,Truck being assigned for pickup
weigh_empty_truck_Pcp53_tr5,tr5,Empty truck getting weighed
assign_tr41_Pcp53,tr41,Truck being assigned for pickup
weigh_empty_truck_Pcp54_tr16,tr16,Empty truck getting weighed
assign_tr30_Pcp45,tr30,Truck being assigned for pickup
weigh_empty_truck_Pcp53_tr41,tr41,Empty truck getting weighed
assign_tr33_Pcp45,tr33,Truck being assigned for pickup
weigh_loaded_truck_Pcp79_tr13,tr13,Loaded truck getting weighed
load_truck_Pcp54_tr16,tr16,Truck being loaded with cargo
weigh_loaded_truck_Pcp67_tr14,tr14,Loaded truck getting weighed
weigh_empty_truck_Pcp45_tr33,tr33,Empty truck getting weighed
load_truck_Pcp53_tr41,tr41,Truck being loaded with cargo
load_truck_Pcp53_tr5,tr5,Truck being loaded with cargo
load_truck_Pcp45_tr33,tr33,Truck being loaded with cargo
weigh_loaded_truck_Pcp63_tr8,tr8,Loaded truck getting weighed
weigh_loaded_truck_Pcp79_tr27,tr27,Loaded truck getting weighed
weigh_loaded_truck_Pcp54_tr34,tr34,Loaded truck getting weighed
input_tally_sheet_Pcp79_tr13,tr13,Truck being recorded on tally sheet
print_w_ticket_Pcp79_tr13,tr13,Truck receiving weighing ticket
input_tally_sheet_Pcp67_tr14,tr14,Truck being recorded on tally sheet
print_w_ticket_Pcp67_tr14,tr14,Truck receiving weighing ticket
weigh_loaded_truck_Pcp16_tr18,tr18,Loaded truck getting weighed
weigh_empty_truck_Pcp45_tr30,tr30,Empty truck getting weighed
print_w_ticket_Pcp54_tr34,tr34,Truck receiving weighing ticket
input_tally_sheet_Pcp54_tr34,tr34,Truck being recorded on tally sheet
print_w_ticket_Pcp63_tr8,tr8,Truck receiving weighing ticket
input_tally_sheet_Pcp63_tr8,tr8,Truck being recorded on tally sheet
eval_trs_exit_tr13_Pcp79,tr13,Truck being evaluated for exit
eval_trs_exit_tr14_Pcp67,tr14,Truck being evaluated for exit
weigh_loaded_truck_Pcp53_tr41,tr41,Loaded truck getting weighed
print_w_ticket_Pcp16_tr18,tr18,Truck receiving weighing ticket
input_tally_sheet_Pcp16_tr18,tr18,Truck being recorded on tally sheet
eval_trs_exit_tr8_Pcp63,tr8,Truck being evaluated for exit
load_truck_Pcp45_tr30,tr30,Truck being loaded with cargo
input_tally_sheet_Pcp79_tr27,tr27,Truck being recorded on tally sheet
print_w_ticket_Pcp79_tr27,tr27,Truck receiving weighing ticket
weigh_loaded_truck_Pcp47_tr35,tr35,Loaded truck getting weighed
eval_trs_exit_tr27_Pcp79,tr27,Truck being evaluated for exit
eval_trs_exit_tr18_Pcp16,tr18,Truck being evaluated for exit
assign_tr43_Pcp100,tr43,Truck being assigned for pickup
assign_tr21_Pcp100,tr21,Truck being assigned for pickup
weigh_loaded_truck_Pcp72_tr29,tr29,Loaded truck getting weighed
weigh_loaded_truck_Pcp53_tr5,tr5,Loaded truck getting weighed
print_w_ticket_Pcp53_tr41,tr41,Truck receiving weighing ticket
input_tally_sheet_Pcp53_tr41,tr41,Truck being recorded on tally sheet
weigh_empty_truck_Pcp100_tr21,tr21,Empty truck getting weighed
load_truck_Pcp100_tr21,tr21,Truck being loaded with cargo
input_tally_sheet_Pcp72_tr29,tr29,Truck being recorded on tally sheet
print_w_ticket_Pcp72_tr29,tr29,Truck receiving weighing ticket
input_tally_sheet_Pcp47_tr35,tr35,Truck being recorded on tally sheet
print_w_ticket_Pcp47_tr35,tr35,Truck receiving weighing ticket
print_w_ticket_Pcp53_tr5,tr5,Truck receiving weighing ticket
input_tally_sheet_Pcp53_tr5,tr5,Truck being recorded on tally sheet
assign_tr46_Pcp49,tr46,Truck being assigned for pickup
eval_trs_exit_tr34_Pcp54,tr34,Truck being evaluated for exit
eval_trs_exit_tr41_Pcp53,tr41,Truck being evaluated for exit
assign_tr28_Pcp49,tr28,Truck being assigned for pickup
weigh_loaded_truck_Pcp90_tr11,tr11,Loaded truck getting weighed
eval_trs_exit_tr35_Pcp47,tr35,Truck being evaluated for exit
eval_trs_exit_tr29_Pcp72,tr29,Truck being evaluated for exit
eval_trs_exit_tr5_Pcp53,tr5,Truck being evaluated for exit
weigh_empty_truck_Pcp49_tr28,tr28,Empty truck getting weighed
load_truck_Pcp49_tr28,tr28,Truck being loaded with cargo
input_tally_sheet_Pcp90_tr11,tr11,Truck being recorded on tally sheet
print_w_ticket_Pcp90_tr11,tr11,Truck receiving weighing ticket
eval_trs_exit_tr11_Pcp90,tr11,Truck being evaluated for exit
assign_tr2_Pcp60,tr2,Truck being assigned for pickup
assign_tr22_Pcp60,tr22,Truck being assigned for pickup
weigh_loaded_truck_Pcp90_tr15,tr15,Loaded truck getting weighed
weigh_empty_truck_Pcp49_tr46,tr46,Empty truck getting weighed
load_truck_Pcp49_tr46,tr46,Truck being loaded with cargo
weigh_empty_truck_Pcp60_tr2,tr2,Empty truck getting weighed
weigh_loaded_truck_Pcp38_tr25,tr25,Loaded truck getting weighed
load_truck_Pcp60_tr2,tr2,Truck being loaded with cargo
weigh_loaded_truck_Pcp16_tr4,tr4,Loaded truck getting weighed
weigh_loaded_truck_Pcp45_tr30,tr30,Loaded truck getting weighed
weigh_empty_truck_Pcp100_tr43,tr43,Empty truck getting weighed
print_w_ticket_Pcp90_tr15,tr15,Truck receiving weighing ticket
input_tally_sheet_Pcp90_tr15,tr15,Truck being recorded on tally sheet
weigh_loaded_truck_Pcp49_tr28,tr28,Loaded truck getting weighed
load_truck_Pcp100_tr43,tr43,Truck being loaded with cargo
eval_trs_exit_tr15_Pcp90,tr15,Truck being evaluated for exit
print_w_ticket_Pcp38_tr25,tr25,Truck receiving weighing ticket
input_tally_sheet_Pcp38_tr25,tr25,Truck being recorded on tally sheet
print_w_ticket_Pcp49_tr28,tr28,Truck receiving weighing ticket
input_tally_sheet_Pcp49_tr28,tr28,Truck being recorded on tally sheet
assign_tr41_Pcp31,tr41,Truck being assigned for pickup
eval_trs_exit_tr25_Pcp38,tr25,Truck being evaluated for exit
assign_tr50_Pcp31,tr50,Truck being assigned for pickup
weigh_empty_truck_Pcp31_tr50,tr50,Empty truck getting weighed
eval_trs_exit_tr28_Pcp49,tr28,Truck being evaluated for exit
weigh_loaded_truck_Pcp54_tr16,tr16,Loaded truck getting weighed
load_truck_Pcp31_tr50,tr50,Truck being loaded with cargo
print_w_ticket_Pcp16_tr4,tr4,Truck receiving weighing ticket
input_tally_sheet_Pcp16_tr4,tr4,Truck being recorded on tally sheet
weigh_empty_truck_Pcp60_tr22,tr22,Empty truck getting weighed
load_truck_Pcp60_tr22,tr22,Truck being loaded with cargo
eval_trs_exit_tr4_Pcp16,tr4,Truck being evaluated for exit
assign_tr35_Pcp66,tr35,Truck being assigned for pickup
assign_tr27_Pcp66,tr27,Truck being assigned for pickup
print_w_ticket_Pcp45_tr30,tr30,Truck receiving weighing ticket
input_tally_sheet_Pcp45_tr30,tr30,Truck being recorded on tally sheet
weigh_loaded_truck_Pcp47_tr1,tr1,Loaded truck getting weighed
weigh_empty_truck_Pcp31_tr41,tr41,Empty truck getting weighed
weigh_empty_truck_Pcp66_tr35,tr35,Empty truck getting weighed
load_truck_Pcp31_tr41,tr41,Truck being loaded with cargo
load_truck_Pcp66_tr35,tr35,Truck being loaded with cargo
eval_trs_exit_tr30_Pcp45,tr30,Truck being evaluated for exit
print_w_ticket_Pcp54_tr16,tr16,Truck receiving weighing ticket
input_tally_sheet_Pcp54_tr16,tr16,Truck being recorded on tally sheet
weigh_loaded_truck_Pcp60_tr22,tr22,Loaded truck getting weighed
assign_tr3_Pcp68,tr3,Truck being assigned for pickup
assign_tr29_Pcp68,tr29,Truck being assigned for pickup
print_w_ticket_Pcp47_tr1,tr1,Truck receiving weighing ticket
input_tally_sheet_Pcp47_tr1,tr1,Truck being recorded on tally sheet
weigh_empty_truck_Pcp66_tr27,tr27,Empty truck getting weighed
eval_trs_exit_tr16_Pcp54,tr16,Truck being evaluated for exit
weigh_empty_truck_Pcp68_tr29,tr29,Empty truck getting weighed
load_truck_Pcp68_tr29,tr29,Truck being loaded with cargo
weigh_loaded_truck_Pcp45_tr33,tr33,Loaded truck getting weighed
weigh_loaded_truck_Pcp100_tr43,tr43,Loaded truck getting weighed
load_truck_Pcp66_tr27,tr27,Truck being loaded with cargo
weigh_empty_truck_Pcp68_tr3,tr3,Empty truck getting weighed
eval_trs_exit_tr1_Pcp47,tr1,Truck being evaluated for exit
load_truck_Pcp68_tr3,tr3,Truck being loaded with cargo
print_w_ticket_Pcp45_tr33,tr33,Truck receiving weighing ticket
input_tally_sheet_Pcp45_tr33,tr33,Truck being recorded on tally sheet
print_w_ticket_Pcp60_tr22,tr22,Truck receiving weighing ticket
input_tally_sheet_Pcp60_tr22,tr22,Truck being recorded on tally sheet
eval_trs_exit_tr33_Pcp45,tr33,Truck being evaluated for exit
eval_trs_exit_tr22_Pcp60,tr22,Truck being evaluated for exit
weigh_loaded_truck_Pcp7_tr48,tr48,Loaded truck getting weighed
assign_tr44_Pcp76,tr44,Truck being assigned for pickup
assign_tr17_Pcp76,tr17,Truck being assigned for pickup
input_tally_sheet_Pcp100_tr43,tr43,Truck being recorded on tally sheet
print_w_ticket_Pcp100_tr43,tr43,Truck receiving weighing ticket
assign_tr18_Pcp83,tr18,Truck being assigned for pickup
weigh_loaded_truck_Pcp31_tr41,tr41,Loaded truck getting weighed
assign_tr6_Pcp83,tr6,Truck being assigned for pickup
eval_trs_exit_tr43_Pcp100,tr43,Truck being evaluated for exit
assign_tr26_Pcp52,tr26,Truck being assigned for pickup
assign_tr11_Pcp52,tr11,Truck being assigned for pickup
weigh_empty_truck_Pcp52_tr26,tr26,Empty truck getting weighed
weigh_empty_truck_Pcp83_tr6,tr6,Empty truck getting weighed
weigh_empty_truck_Pcp76_tr44,tr44,Empty truck getting weighed
load_truck_Pcp52_tr26,tr26,Truck being loaded with cargo
weigh_empty_truck_Pcp83_tr18,tr18,Empty truck getting weighed
weigh_empty_truck_Pcp76_tr17,tr17,Empty truck getting weighed
input_tally_sheet_Pcp31_tr41,tr41,Truck being recorded on tally sheet
print_w_ticket_Pcp31_tr41,tr41,Truck receiving weighing ticket
load_truck_Pcp83_tr18,tr18,Truck being loaded with cargo
load_truck_Pcp76_tr44,tr44,Truck being loaded with cargo
load_truck_Pcp76_tr17,tr17,Truck being loaded with cargo
load_truck_Pcp83_tr6,tr6,Truck being loaded with cargo
eval_trs_exit_tr41_Pcp31,tr41,Truck being evaluated for exit
input_tally_sheet_Pcp7_tr48,tr48,Truck being recorded on tally sheet
print_w_ticket_Pcp7_tr48,tr48,Truck receiving weighing ticket
weigh_empty_truck_Pcp52_tr11,tr11,Empty truck getting weighed
load_truck_Pcp52_tr11,tr11,Truck being loaded with cargo
eval_trs_exit_tr48_Pcp7,tr48,Truck being evaluated for exit
weigh_loaded_truck_Pcp83_tr6,tr6,Loaded truck getting weighed
print_w_ticket_Pcp83_tr6,tr6,Truck receiving weighing ticket
input_tally_sheet_Pcp83_tr6,tr6,Truck being recorded on tally sheet
weigh_loaded_truck_Pcp64_tr32,tr32,Loaded truck getting weighed
eval_trs_exit_tr6_Pcp83,tr6,Truck being evaluated for exit
print_w_ticket_Pcp64_tr32,tr32,Truck receiving weighing ticket
input_tally_sheet_Pcp64_tr32,tr32,Truck being recorded on tally sheet
eval_trs_exit_tr32_Pcp64,tr32,Truck being evaluated for exit
weigh_loaded_truck_Pcp52_tr26,tr26,Loaded truck getting weighed
weigh_loaded_truck_Pcp52_tr11,tr11,Loaded truck getting weighed
weigh_loaded_truck_Pcp31_tr50,tr50,Loaded truck getting weighed
weigh_loaded_truck_Pcp60_tr2,tr2,Loaded truck getting weighed
print_w_ticket_Pcp52_tr26,tr26,Truck receiving weighing ticket
input_tally_sheet_Pcp52_tr26,tr26,Truck being recorded on tally sheet
eval_trs_exit_tr26_Pcp52,tr26,Truck being evaluated for exit
input_tally_sheet_Pcp31_tr50,tr50,Truck being recorded on tally sheet
print_w_ticket_Pcp31_tr50,tr50,Truck receiving weighing ticket
print_w_ticket_Pcp60_tr2,tr2,Truck receiving weighing ticket
input_tally_sheet_Pcp60_tr2,tr2,Truck being recorded on tally sheet
weigh_loaded_truck_Pcp68_tr3,tr3,Loaded truck getting weighed
eval_trs_exit_tr50_Pcp31,tr50,Truck being evaluated for exit
eval_trs_exit_tr2_Pcp60,tr2,Truck being evaluated for exit
weigh_loaded_truck_Pcp66_tr35,tr35,Loaded truck getting weighed
input_tally_sheet_Pcp52_tr11,tr11,Truck being recorded on tally sheet
print_w_ticket_Pcp52_tr11,tr11,Truck receiving weighing ticket
input_tally_sheet_Pcp66_tr35,tr35,Truck being recorded on tally sheet
print_w_ticket_Pcp66_tr35,tr35,Truck receiving weighing ticket
input_tally_sheet_Pcp68_tr3,tr3,Truck being recorded on tally sheet
print_w_ticket_Pcp68_tr3,tr3,Truck receiving weighing ticket
eval_trs_exit_tr35_Pcp66,tr35,Truck being evaluated for exit
eval_trs_exit_tr11_Pcp52,tr11,Truck being evaluated for exit
eval_trs_exit_tr3_Pcp68,tr3,Truck being evaluated for exit
weigh_loaded_truck_Pcp76_tr17,tr17,Loaded truck getting weighed
input_tally_sheet_Pcp76_tr17,tr17,Truck being recorded on tally sheet
print_w_ticket_Pcp76_tr17,tr17,Truck receiving weighing ticket
weigh_loaded_truck_Pcp49_tr46,tr46,Loaded truck getting weighed
eval_trs_exit_tr17_Pcp76,tr17,Truck being evaluated for exit
input_tally_sheet_Pcp49_tr46,tr46,Truck being recorded on tally sheet
print_w_ticket_Pcp49_tr46,tr46,Truck receiving weighing ticket
weigh_loaded_truck_Pcp68_tr29,tr29,Loaded truck getting weighed
eval_trs_exit_tr46_Pcp49,tr46,Truck being evaluated for exit
print_w_ticket_Pcp68_tr29,tr29,Truck receiving weighing ticket
input_tally_sheet_Pcp68_tr29,tr29,Truck being recorded on tally sheet
eval_trs_exit_tr29_Pcp68,tr29,Truck being evaluated for exit
assign_tr42_Pcp42,tr42,Truck being assigned for pickup
weigh_empty_truck_Pcp42_tr42,tr42,Empty truck getting weighed
load_truck_Pcp42_tr42,tr42,Truck being loaded with cargo
assign_tr43_Pcp42,tr43,Truck being assigned for pickup
assign_tr7_Pcp2,tr7,Truck being assigned for pickup
assign_tr34_Pcp43,tr34,Truck being assigned for pickup
assign_tr19_Pcp43,tr19,Truck being assigned for pickup
assign_tr46_Pcp2,tr46,Truck being assigned for pickup
weigh_empty_truck_Pcp42_tr43,tr43,Empty truck getting weighed
load_truck_Pcp42_tr43,tr43,Truck being loaded with cargo
weigh_empty_truck_Pcp2_tr46,tr46,Empty truck getting weighed
load_truck_Pcp2_tr46,tr46,Truck being loaded with cargo
weigh_empty_truck_Pcp43_tr19,tr19,Empty truck getting weighed
weigh_empty_truck_Pcp43_tr34,tr34,Empty truck getting weighed
load_truck_Pcp43_tr34,tr34,Truck being loaded with cargo
load_truck_Pcp43_tr19,tr19,Truck being loaded with cargo
weigh_empty_truck_Pcp2_tr7,tr7,Empty truck getting weighed
load_truck_Pcp2_tr7,tr7,Truck being loaded with cargo
weigh_loaded_truck_Pcp42_tr42,tr42,Loaded truck getting weighed
weigh_loaded_truck_Pcp100_tr21,tr21,Loaded truck getting weighed
input_tally_sheet_Pcp42_tr42,tr42,Truck being recorded on tally sheet
print_w_ticket_Pcp42_tr42,tr42,Truck receiving weighing ticket
input_tally_sheet_Pcp100_tr21,tr21,Truck being recorded on tally sheet
print_w_ticket_Pcp100_tr21,tr21,Truck receiving weighing ticket
weigh_loaded_truck_Pcp42_tr43,tr43,Loaded truck getting weighed
eval_trs_exit_tr21_Pcp100,tr21,Truck being evaluated for exit
eval_trs_exit_tr42_Pcp42,tr42,Truck being evaluated for exit
assign_tr45_Pcp34,tr45,Truck being assigned for pickup
weigh_loaded_truck_Pcp2_tr7,tr7,Loaded truck getting weighed
assign_tr4_Pcp34,tr4,Truck being assigned for pickup
input_tally_sheet_Pcp42_tr43,tr43,Truck being recorded on tally sheet
print_w_ticket_Pcp42_tr43,tr43,Truck receiving weighing ticket
weigh_empty_truck_Pcp34_tr4,tr4,Empty truck getting weighed
assign_tr50_Pcp27,tr50,Truck being assigned for pickup
weigh_loaded_truck_Pcp2_tr46,tr46,Loaded truck getting weighed
eval_trs_exit_tr43_Pcp42,tr43,Truck being evaluated for exit
print_w_ticket_Pcp2_tr7,tr7,Truck receiving weighing ticket
input_tally_sheet_Pcp2_tr7,tr7,Truck being recorded on tally sheet
weigh_empty_truck_Pcp27_tr50,tr50,Empty truck getting weighed
eval_trs_exit_tr7_Pcp2,tr7,Truck being evaluated for exit
weigh_empty_truck_Pcp34_tr45,tr45,Empty truck getting weighed
assign_tr3_Pcp27,tr3,Truck being assigned for pickup
load_truck_Pcp34_tr4,tr4,Truck being loaded with cargo
load_truck_Pcp27_tr50,tr50,Truck being loaded with cargo
print_w_ticket_Pcp2_tr46,tr46,Truck receiving weighing ticket
input_tally_sheet_Pcp2_tr46,tr46,Truck being recorded on tally sheet
weigh_empty_truck_Pcp27_tr3,tr3,Empty truck getting weighed
load_truck_Pcp34_tr45,tr45,Truck being loaded with cargo
weigh_loaded_truck_Pcp66_tr27,tr27,Loaded truck getting weighed
eval_trs_exit_tr46_Pcp2,tr46,Truck being evaluated for exit
print_w_ticket_Pcp66_tr27,tr27,Truck receiving weighing ticket
input_tally_sheet_Pcp66_tr27,tr27,Truck being recorded on tally sheet
load_truck_Pcp27_tr3,tr3,Truck being loaded with cargo
eval_trs_exit_tr27_Pcp66,tr27,Truck being evaluated for exit
assign_tr32_Pcp9,tr32,Truck being assigned for pickup
assign_tr28_Pcp9,tr28,Truck being assigned for pickup
assign_tr1_Pcp24,tr1,Truck being assigned for pickup
weigh_empty_truck_Pcp9_tr32,tr32,Empty truck getting weighed
assign_tr25_Pcp24,tr25,Truck being assigned for pickup
weigh_loaded_truck_Pcp27_tr50,tr50,Loaded truck getting weighed
weigh_empty_truck_Pcp24_tr1,tr1,Empty truck getting weighed
load_truck_Pcp9_tr32,tr32,Truck being loaded with cargo
load_truck_Pcp24_tr1,tr1,Truck being loaded with cargo
weigh_empty_truck_Pcp24_tr25,tr25,Empty truck getting weighed
load_truck_Pcp24_tr25,tr25,Truck being loaded with cargo
input_tally_sheet_Pcp27_tr50,tr50,Truck being recorded on tally sheet
print_w_ticket_Pcp27_tr50,tr50,Truck receiving weighing ticket
weigh_empty_truck_Pcp9_tr28,tr28,Empty truck getting weighed
load_truck_Pcp9_tr28,tr28,Truck being loaded with cargo
eval_trs_exit_tr50_Pcp27,tr50,Truck being evaluated for exit
assign_tr48_Pcp6,tr48,Truck being assigned for pickup
weigh_loaded_truck_Pcp34_tr45,tr45,Loaded truck getting weighed
assign_tr9_Pcp6,tr9,Truck being assigned for pickup
weigh_loaded_truck_Pcp43_tr34,tr34,Loaded truck getting weighed
weigh_empty_truck_Pcp6_tr9,tr9,Empty truck getting weighed
load_truck_Pcp6_tr9,tr9,Truck being loaded with cargo
print_w_ticket_Pcp43_tr34,tr34,Truck receiving weighing ticket
input_tally_sheet_Pcp43_tr34,tr34,Truck being recorded on tally sheet
weigh_empty_truck_Pcp6_tr48,tr48,Empty truck getting weighed
assign_tr12_Pcp65,tr12,Truck being assigned for pickup
eval_trs_exit_tr34_Pcp43,tr34,Truck being evaluated for exit
load_truck_Pcp6_tr48,tr48,Truck being loaded with cargo
input_tally_sheet_Pcp34_tr45,tr45,Truck being recorded on tally sheet
print_w_ticket_Pcp34_tr45,tr45,Truck receiving weighing ticket
assign_tr43_Pcp65,tr43,Truck being assigned for pickup
eval_trs_exit_tr45_Pcp34,tr45,Truck being evaluated for exit
weigh_loaded_truck_Pcp83_tr18,tr18,Loaded truck getting weighed
assign_tr7_Pcp20,tr7,Truck being assigned for pickup
assign_tr5_Pcp20,tr5,Truck being assigned for pickup
weigh_loaded_truck_Pcp9_tr32,tr32,Loaded truck getting weighed
weigh_empty_truck_Pcp20_tr5,tr5,Empty truck getting weighed
weigh_loaded_truck_Pcp43_tr19,tr19,Loaded truck getting weighed
weigh_empty_truck_Pcp65_tr43,tr43,Empty truck getting weighed
load_truck_Pcp65_tr43,tr43,Truck being loaded with cargo
input_tally_sheet_Pcp9_tr32,tr32,Truck being recorded on tally sheet
print_w_ticket_Pcp9_tr32,tr32,Truck receiving weighing ticket
print_w_ticket_Pcp43_tr19,tr19,Truck receiving weighing ticket
input_tally_sheet_Pcp43_tr19,tr19,Truck being recorded on tally sheet
load_truck_Pcp20_tr5,tr5,Truck being loaded with cargo
eval_trs_exit_tr32_Pcp9,tr32,Truck being evaluated for exit
weigh_loaded_truck_Pcp76_tr44,tr44,Loaded truck getting weighed
weigh_empty_truck_Pcp65_tr12,tr12,Empty truck getting weighed
eval_trs_exit_tr19_Pcp43,tr19,Truck being evaluated for exit
load_truck_Pcp65_tr12,tr12,Truck being loaded with cargo
weigh_empty_truck_Pcp20_tr7,tr7,Empty truck getting weighed
input_tally_sheet_Pcp83_tr18,tr18,Truck being recorded on tally sheet
print_w_ticket_Pcp83_tr18,tr18,Truck receiving weighing ticket
print_w_ticket_Pcp76_tr44,tr44,Truck receiving weighing ticket
input_tally_sheet_Pcp76_tr44,tr44,Truck being recorded on tally sheet
eval_trs_exit_tr18_Pcp83,tr18,Truck being evaluated for exit
load_truck_Pcp20_tr7,tr7,Truck being loaded with cargo
assign_tr21_Pcp26,tr21,Truck being assigned for pickup
weigh_loaded_truck_Pcp24_tr1,tr1,Loaded truck getting weighed
eval_trs_exit_tr44_Pcp76,tr44,Truck being evaluated for exit
assign_tr31_Pcp26,tr31,Truck being assigned for pickup
weigh_empty_truck_Pcp26_tr21,tr21,Empty truck getting weighed
load_truck_Pcp26_tr21,tr21,Truck being loaded with cargo
weigh_loaded_truck_Pcp6_tr9,tr9,Loaded truck getting weighed
weigh_empty_truck_Pcp26_tr31,tr31,Empty truck getting weighed
assign_tr13_Pcp19,tr13,Truck being assigned for pickup
assign_tr41_Pcp19,tr41,Truck being assigned for pickup
weigh_loaded_truck_Pcp65_tr12,tr12,Loaded truck getting weighed
print_w_ticket_Pcp6_tr9,tr9,Truck receiving weighing ticket
input_tally_sheet_Pcp6_tr9,tr9,Truck being recorded on tally sheet
weigh_loaded_truck_Pcp27_tr3,tr3,Loaded truck getting weighed
load_truck_Pcp26_tr31,tr31,Truck being loaded with cargo
eval_trs_exit_tr9_Pcp6,tr9,Truck being evaluated for exit
weigh_loaded_truck_Pcp24_tr25,tr25,Loaded truck getting weighed
print_w_ticket_Pcp65_tr12,tr12,Truck receiving weighing ticket
input_tally_sheet_Pcp65_tr12,tr12,Truck being recorded on tally sheet
weigh_loaded_truck_Pcp20_tr5,tr5,Loaded truck getting weighed
eval_trs_exit_tr12_Pcp65,tr12,Truck being evaluated for exit
print_w_ticket_Pcp24_tr25,tr25,Truck receiving weighing ticket
input_tally_sheet_Pcp24_tr25,tr25,Truck being recorded on tally sheet
eval_trs_exit_tr25_Pcp24,tr25,Truck being evaluated for exit
weigh_empty_truck_Pcp19_tr13,tr13,Empty truck getting weighed
weigh_empty_truck_Pcp19_tr41,tr41,Empty truck getting weighed
weigh_loaded_truck_Pcp20_tr7,tr7,Loaded truck getting weighed
print_w_ticket_Pcp27_tr3,tr3,Truck receiving weighing ticket
input_tally_sheet_Pcp27_tr3,tr3,Truck being recorded on tally sheet
input_tally_sheet_Pcp24_tr1,tr1,Truck being recorded on tally sheet
print_w_ticket_Pcp24_tr1,tr1,Truck receiving weighing ticket
load_truck_Pcp19_tr41,tr41,Truck being loaded with cargo
input_tally_sheet_Pcp20_tr5,tr5,Truck being recorded on tally sheet
print_w_ticket_Pcp20_tr5,tr5,Truck receiving weighing ticket
weigh_loaded_truck_Pcp26_tr31,tr31,Loaded truck getting weighed
eval_trs_exit_tr1_Pcp24,tr1,Truck being evaluated for exit
eval_trs_exit_tr5_Pcp20,tr5,Truck being evaluated for exit
load_truck_Pcp19_tr13,tr13,Truck being loaded with cargo
eval_trs_exit_tr3_Pcp27,tr3,Truck being evaluated for exit
input_tally_sheet_Pcp26_tr31,tr31,Truck being recorded on tally sheet
print_w_ticket_Pcp26_tr31,tr31,Truck receiving weighing ticket
print_w_ticket_Pcp20_tr7,tr7,Truck receiving weighing ticket
input_tally_sheet_Pcp20_tr7,tr7,Truck being recorded on tally sheet
eval_trs_exit_tr7_Pcp20,tr7,Truck being evaluated for exit
eval_trs_exit_tr31_Pcp26,tr31,Truck being evaluated for exit
assign_tr29_Pcp97,tr29,Truck being assigned for pickup
assign_tr22_Pcp97,tr22,Truck being assigned for pickup
weigh_empty_truck_Pcp97_tr29,tr29,Empty truck getting weighed
weigh_empty_truck_Pcp97_tr22,tr22,Empty truck getting weighed
load_truck_Pcp97_tr22,tr22,Truck being loaded with cargo
load_truck_Pcp97_tr29,tr29,Truck being loaded with cargo
assign_tr15_Pcp95,tr15,Truck being assigned for pickup
assign_tr23_Pcp95,tr23,Truck being assigned for pickup
weigh_empty_truck_Pcp95_tr15,tr15,Empty truck getting weighed
weigh_loaded_truck_Pcp65_tr43,tr43,Loaded truck getting weighed
load_truck_Pcp95_tr15,tr15,Truck being loaded with cargo
assign_tr24_Pcp94,tr24,Truck being assigned for pickup
weigh_empty_truck_Pcp95_tr23,tr23,Empty truck getting weighed
assign_tr11_Pcp15,tr11,Truck being assigned for pickup
assign_tr34_Pcp15,tr34,Truck being assigned for pickup
assign_tr32_Pcp94,tr32,Truck being assigned for pickup
weigh_loaded_truck_Pcp26_tr21,tr21,Loaded truck getting weighed
load_truck_Pcp95_tr23,tr23,Truck being loaded with cargo
input_tally_sheet_Pcp65_tr43,tr43,Truck being recorded on tally sheet
print_w_ticket_Pcp65_tr43,tr43,Truck receiving weighing ticket
weigh_empty_truck_Pcp94_tr24,tr24,Empty truck getting weighed
eval_trs_exit_tr43_Pcp65,tr43,Truck being evaluated for exit
load_truck_Pcp94_tr24,tr24,Truck being loaded with cargo
assign_tr1_Pcp46,tr1,Truck being assigned for pickup
assign_tr27_Pcp46,tr27,Truck being assigned for pickup
print_w_ticket_Pcp26_tr21,tr21,Truck receiving weighing ticket
input_tally_sheet_Pcp26_tr21,tr21,Truck being recorded on tally sheet
weigh_empty_truck_Pcp15_tr11,tr11,Empty truck getting weighed
weigh_loaded_truck_Pcp97_tr22,tr22,Loaded truck getting weighed
load_truck_Pcp15_tr11,tr11,Truck being loaded with cargo
eval_trs_exit_tr21_Pcp26,tr21,Truck being evaluated for exit
weigh_empty_truck_Pcp94_tr32,tr32,Empty truck getting weighed
weigh_loaded_truck_Pcp19_tr13,tr13,Loaded truck getting weighed
load_truck_Pcp94_tr32,tr32,Truck being loaded with cargo
assign_tr37_Pcp99,tr37,Truck being assigned for pickup
weigh_loaded_truck_Pcp9_tr28,tr28,Loaded truck getting weighed
weigh_empty_truck_Pcp46_tr1,tr1,Empty truck getting weighed
assign_tr39_Pcp99,tr39,Truck being assigned for pickup
load_truck_Pcp46_tr1,tr1,Truck being loaded with cargo
weigh_loaded_truck_Pcp94_tr24,tr24,Loaded truck getting weighed
weigh_empty_truck_Pcp99_tr37,tr37,Empty truck getting weighed
assign_tr16_Pcp40,tr16,Truck being assigned for pickup
weigh_empty_truck_Pcp46_tr27,tr27,Empty truck getting weighed
weigh_loaded_truck_Pcp95_tr15,tr15,Loaded truck getting weighed
assign_tr5_Pcp73,tr5,Truck being assigned for pickup
print_w_ticket_Pcp19_tr13,tr13,Truck receiving weighing ticket
input_tally_sheet_Pcp19_tr13,tr13,Truck being recorded on tally sheet
load_truck_Pcp99_tr37,tr37,Truck being loaded with cargo
assign_tr10_Pcp40,tr10,Truck being assigned for pickup
load_truck_Pcp46_tr27,tr27,Truck being loaded with cargo
assign_tr40_Pcp73,tr40,Truck being assigned for pickup
print_w_ticket_Pcp97_tr22,tr22,Truck receiving weighing ticket
input_tally_sheet_Pcp97_tr22,tr22,Truck being recorded on tally sheet
weigh_empty_truck_Pcp40_tr16,tr16,Empty truck getting weighed
weigh_empty_truck_Pcp73_tr5,tr5,Empty truck getting weighed
weigh_empty_truck_Pcp15_tr34,tr34,Empty truck getting weighed
load_truck_Pcp40_tr16,tr16,Truck being loaded with cargo
weigh_empty_truck_Pcp73_tr40,tr40,Empty truck getting weighed
weigh_loaded_truck_Pcp19_tr41,tr41,Loaded truck getting weighed
load_truck_Pcp73_tr5,tr5,Truck being loaded with cargo
eval_trs_exit_tr13_Pcp19,tr13,Truck being evaluated for exit
load_truck_Pcp73_tr40,tr40,Truck being loaded with cargo
print_w_ticket_Pcp95_tr15,tr15,Truck receiving weighing ticket
input_tally_sheet_Pcp95_tr15,tr15,Truck being recorded on tally sheet
load_truck_Pcp15_tr34,tr34,Truck being loaded with cargo
weigh_empty_truck_Pcp40_tr10,tr10,Empty truck getting weighed
weigh_empty_truck_Pcp99_tr39,tr39,Empty truck getting weighed
assign_tr44_Pcp84,tr44,Truck being assigned for pickup
eval_trs_exit_tr22_Pcp97,tr22,Truck being evaluated for exit
assign_tr49_Pcp84,tr49,Truck being assigned for pickup
eval_trs_exit_tr15_Pcp95,tr15,Truck being evaluated for exit
assign_tr14_Pcp33,tr14,Truck being assigned for pickup
assign_tr42_Pcp33,tr42,Truck being assigned for pickup
load_truck_Pcp40_tr10,tr10,Truck being loaded with cargo
weigh_empty_truck_Pcp84_tr44,tr44,Empty truck getting weighed
load_truck_Pcp99_tr39,tr39,Truck being loaded with cargo
input_tally_sheet_Pcp9_tr28,tr28,Truck being recorded on tally sheet
print_w_ticket_Pcp9_tr28,tr28,Truck receiving weighing ticket
print_w_ticket_Pcp19_tr41,tr41,Truck receiving weighing ticket
input_tally_sheet_Pcp19_tr41,tr41,Truck being recorded on tally sheet
input_tally_sheet_Pcp94_tr24,tr24,Truck being recorded on tally sheet
print_w_ticket_Pcp94_tr24,tr24,Truck receiving weighing ticket
eval_trs_exit_tr24_Pcp94,tr24,Truck being evaluated for exit
load_truck_Pcp84_tr44,tr44,Truck being loaded with cargo
eval_trs_exit_tr41_Pcp19,tr41,Truck being evaluated for exit
eval_trs_exit_tr28_Pcp9,tr28,Truck being evaluated for exit
assign_tr31_Pcp13,tr31,Truck being assigned for pickup
assign_tr9_Pcp13,tr9,Truck being assigned for pickup
weigh_empty_truck_Pcp33_tr42,tr42,Empty truck getting weighed
weigh_empty_truck_Pcp13_tr31,tr31,Empty truck getting weighed
weigh_empty_truck_Pcp33_tr14,tr14,Empty truck getting weighed
load_truck_Pcp33_tr14,tr14,Truck being loaded with cargo
load_truck_Pcp33_tr42,tr42,Truck being loaded with cargo
weigh_empty_truck_Pcp84_tr49,tr49,Empty truck getting weighed
load_truck_Pcp13_tr31,tr31,Truck being loaded with cargo
weigh_empty_truck_Pcp13_tr9,tr9,Empty truck getting weighed
weigh_loaded_truck_Pcp97_tr29,tr29,Loaded truck getting weighed
load_truck_Pcp84_tr49,tr49,Truck being loaded with cargo
load_truck_Pcp13_tr9,tr9,Truck being loaded with cargo
input_tally_sheet_Pcp97_tr29,tr29,Truck being recorded on tally sheet
print_w_ticket_Pcp97_tr29,tr29,Truck receiving weighing ticket
weigh_loaded_truck_Pcp46_tr27,tr27,Loaded truck getting weighed
weigh_loaded_truck_Pcp40_tr16,tr16,Loaded truck getting weighed
weigh_loaded_truck_Pcp73_tr5,tr5,Loaded truck getting weighed
print_w_ticket_Pcp40_tr16,tr16,Truck receiving weighing ticket
input_tally_sheet_Pcp40_tr16,tr16,Truck being recorded on tally sheet
eval_trs_exit_tr29_Pcp97,tr29,Truck being evaluated for exit
input_tally_sheet_Pcp46_tr27,tr27,Truck being recorded on tally sheet
print_w_ticket_Pcp46_tr27,tr27,Truck receiving weighing ticket
eval_trs_exit_tr16_Pcp40,tr16,Truck being evaluated for exit
eval_trs_exit_tr27_Pcp46,tr27,Truck being evaluated for exit
weigh_loaded_truck_Pcp13_tr9,tr9,Loaded truck getting weighed
print_w_ticket_Pcp73_tr5,tr5,Truck receiving weighing ticket
input_tally_sheet_Pcp73_tr5,tr5,Truck being recorded on tally sheet
input_tally_sheet_Pcp13_tr9,tr9,Truck being recorded on tally sheet
print_w_ticket_Pcp13_tr9,tr9,Truck receiving weighing ticket
eval_trs_exit_tr5_Pcp73,tr5,Truck being evaluated for exit
assign_tr35_Pcp1,tr35,Truck being assigned for pickup
assign_tr50_Pcp1,tr50,Truck being assigned for pickup
eval_trs_exit_tr9_Pcp13,tr9,Truck being evaluated for exit
weigh_empty_truck_Pcp1_tr50,tr50,Empty truck getting weighed
assign_tr15_Pcp89,tr15,Truck being assigned for pickup
assign_tr3_Pcp89,tr3,Truck being assigned for pickup
weigh_empty_truck_Pcp1_tr35,tr35,Empty truck getting weighed
weigh_empty_truck_Pcp89_tr15,tr15,Empty truck getting weighed
load_truck_Pcp89_tr15,tr15,Truck being loaded with cargo
load_truck_Pcp1_tr50,tr50,Truck being loaded with cargo
load_truck_Pcp1_tr35,tr35,Truck being loaded with cargo
weigh_loaded_truck_Pcp99_tr37,tr37,Loaded truck getting weighed
weigh_loaded_truck_Pcp73_tr40,tr40,Loaded truck getting weighed
weigh_loaded_truck_Pcp13_tr31,tr31,Loaded truck getting weighed
weigh_loaded_truck_Pcp1_tr50,tr50,Loaded truck getting weighed
weigh_empty_truck_Pcp89_tr3,tr3,Empty truck getting weighed
assign_tr38_Pcp71,tr38,Truck being assigned for pickup
assign_tr18_Pcp71,tr18,Truck being assigned for pickup
load_truck_Pcp89_tr3,tr3,Truck being loaded with cargo
input_tally_sheet_Pcp73_tr40,tr40,Truck being recorded on tally sheet
print_w_ticket_Pcp73_tr40,tr40,Truck receiving weighing ticket
eval_trs_exit_tr40_Pcp73,tr40,Truck being evaluated for exit
input_tally_sheet_Pcp1_tr50,tr50,Truck being recorded on tally sheet
print_w_ticket_Pcp1_tr50,tr50,Truck receiving weighing ticket
weigh_empty_truck_Pcp71_tr38,tr38,Empty truck getting weighed
input_tally_sheet_Pcp13_tr31,tr31,Truck being recorded on tally sheet
print_w_ticket_Pcp13_tr31,tr31,Truck receiving weighing ticket
eval_trs_exit_tr50_Pcp1,tr50,Truck being evaluated for exit
eval_trs_exit_tr31_Pcp13,tr31,Truck being evaluated for exit
weigh_empty_truck_Pcp71_tr18,tr18,Empty truck getting weighed
load_truck_Pcp71_tr38,tr38,Truck being loaded with cargo
load_truck_Pcp71_tr18,tr18,Truck being loaded with cargo
assign_tr25_Pcp93,tr25,Truck being assigned for pickup
assign_tr33_Pcp93,tr33,Truck being assigned for pickup
assign_tr5_Pcp8,tr5,Truck being assigned for pickup
weigh_empty_truck_Pcp93_tr33,tr33,Empty truck getting weighed
weigh_empty_truck_Pcp8_tr5,tr5,Empty truck getting weighed
assign_tr13_Pcp8,tr13,Truck being assigned for pickup
print_w_ticket_Pcp99_tr37,tr37,Truck receiving weighing ticket
input_tally_sheet_Pcp99_tr37,tr37,Truck being recorded on tally sheet
load_truck_Pcp8_tr5,tr5,Truck being loaded with cargo
load_truck_Pcp93_tr33,tr33,Truck being loaded with cargo
eval_trs_exit_tr37_Pcp99,tr37,Truck being evaluated for exit
weigh_loaded_truck_Pcp46_tr1,tr1,Loaded truck getting weighed
input_tally_sheet_Pcp46_tr1,tr1,Truck being recorded on tally sheet
print_w_ticket_Pcp46_tr1,tr1,Truck receiving weighing ticket
weigh_empty_truck_Pcp93_tr25,tr25,Empty truck getting weighed
eval_trs_exit_tr1_Pcp46,tr1,Truck being evaluated for exit
load_truck_Pcp93_tr25,tr25,Truck being loaded with cargo
weigh_empty_truck_Pcp8_tr13,tr13,Empty truck getting weighed
load_truck_Pcp8_tr13,tr13,Truck being loaded with cargo
weigh_loaded_truck_Pcp6_tr48,tr48,Loaded truck getting weighed
weigh_loaded_truck_Pcp99_tr39,tr39,Loaded truck getting weighed
assign_tr41_Pcp12,tr41,Truck being assigned for pickup
print_w_ticket_Pcp6_tr48,tr48,Truck receiving weighing ticket
input_tally_sheet_Pcp6_tr48,tr48,Truck being recorded on tally sheet
assign_tr46_Pcp12,tr46,Truck being assigned for pickup
weigh_loaded_truck_Pcp8_tr5,tr5,Loaded truck getting weighed
weigh_loaded_truck_Pcp95_tr23,tr23,Loaded truck getting weighed
assign_tr8_Pcp30,tr8,Truck being assigned for pickup
assign_tr28_Pcp30,tr28,Truck being assigned for pickup
weigh_loaded_truck_Pcp40_tr10,tr10,Loaded truck getting weighed
input_tally_sheet_Pcp99_tr39,tr39,Truck being recorded on tally sheet
print_w_ticket_Pcp99_tr39,tr39,Truck receiving weighing ticket
eval_trs_exit_tr48_Pcp6,tr48,Truck being evaluated for exit
eval_trs_exit_tr39_Pcp99,tr39,Truck being evaluated for exit
weigh_empty_truck_Pcp30_tr8,tr8,Empty truck getting weighed
weigh_loaded_truck_Pcp93_tr25,tr25,Loaded truck getting weighed
weigh_loaded_truck_Pcp34_tr4,tr4,Loaded truck getting weighed
weigh_loaded_truck_Pcp71_tr18,tr18,Loaded truck getting weighed
load_truck_Pcp30_tr8,tr8,Truck being loaded with cargo
input_tally_sheet_Pcp95_tr23,tr23,Truck being recorded on tally sheet
print_w_ticket_Pcp95_tr23,tr23,Truck receiving weighing ticket
assign_tr2_Pcp56,tr2,Truck being assigned for pickup
eval_trs_exit_tr23_Pcp95,tr23,Truck being evaluated for exit
weigh_loaded_truck_Pcp93_tr33,tr33,Loaded truck getting weighed
input_tally_sheet_Pcp8_tr5,tr5,Truck being recorded on tally sheet
print_w_ticket_Pcp8_tr5,tr5,Truck receiving weighing ticket
weigh_empty_truck_Pcp12_tr41,tr41,Empty truck getting weighed
assign_tr22_Pcp56,tr22,Truck being assigned for pickup
input_tally_sheet_Pcp40_tr10,tr10,Truck being recorded on tally sheet
print_w_ticket_Pcp40_tr10,tr10,Truck receiving weighing ticket
weigh_empty_truck_Pcp30_tr28,tr28,Empty truck getting weighed
load_truck_Pcp12_tr41,tr41,Truck being loaded with cargo
print_w_ticket_Pcp93_tr25,tr25,Truck receiving weighing ticket
input_tally_sheet_Pcp93_tr25,tr25,Truck being recorded on tally sheet
load_truck_Pcp30_tr28,tr28,Truck being loaded with cargo
eval_trs_exit_tr10_Pcp40,tr10,Truck being evaluated for exit
weigh_loaded_truck_Pcp15_tr11,tr11,Loaded truck getting weighed
print_w_ticket_Pcp93_tr33,tr33,Truck receiving weighing ticket
input_tally_sheet_Pcp93_tr33,tr33,Truck being recorded on tally sheet
eval_trs_exit_tr5_Pcp8,tr5,Truck being evaluated for exit
input_tally_sheet_Pcp71_tr18,tr18,Truck being recorded on tally sheet
print_w_ticket_Pcp71_tr18,tr18,Truck receiving weighing ticket
print_w_ticket_Pcp34_tr4,tr4,Truck receiving weighing ticket
input_tally_sheet_Pcp34_tr4,tr4,Truck being recorded on tally sheet
eval_trs_exit_tr25_Pcp93,tr25,Truck being evaluated for exit
weigh_empty_truck_Pcp56_tr22,tr22,Empty truck getting weighed
weigh_loaded_truck_Pcp71_tr38,tr38,Loaded truck getting weighed
assign_tr30_Pcp17,tr30,Truck being assigned for pickup
assign_tr31_Pcp17,tr31,Truck being assigned for pickup
weigh_loaded_truck_Pcp33_tr14,tr14,Loaded truck getting weighed
load_truck_Pcp56_tr22,tr22,Truck being loaded with cargo
eval_trs_exit_tr18_Pcp71,tr18,Truck being evaluated for exit
weigh_empty_truck_Pcp12_tr46,tr46,Empty truck getting weighed
weigh_loaded_truck_Pcp30_tr8,tr8,Loaded truck getting weighed
eval_trs_exit_tr4_Pcp34,tr4,Truck being evaluated for exit
load_truck_Pcp12_tr46,tr46,Truck being loaded with cargo
input_tally_sheet_Pcp33_tr14,tr14,Truck being recorded on tally sheet
print_w_ticket_Pcp71_tr38,tr38,Truck receiving weighing ticket
print_w_ticket_Pcp33_tr14,tr14,Truck receiving weighing ticket
input_tally_sheet_Pcp71_tr38,tr38,Truck being recorded on tally sheet
weigh_loaded_truck_Pcp89_tr3,tr3,Loaded truck getting weighed
weigh_loaded_truck_Pcp94_tr32,tr32,Loaded truck getting weighed
input_tally_sheet_Pcp30_tr8,tr8,Truck being recorded on tally sheet
print_w_ticket_Pcp30_tr8,tr8,Truck receiving weighing ticket
input_tally_sheet_Pcp15_tr11,tr11,Truck being recorded on tally sheet
print_w_ticket_Pcp15_tr11,tr11,Truck receiving weighing ticket
eval_trs_exit_tr33_Pcp93,tr33,Truck being evaluated for exit
eval_trs_exit_tr14_Pcp33,tr14,Truck being evaluated for exit
eval_trs_exit_tr38_Pcp71,tr38,Truck being evaluated for exit
eval_trs_exit_tr11_Pcp15,tr11,Truck being evaluated for exit
eval_trs_exit_tr8_Pcp30,tr8,Truck being evaluated for exit
weigh_empty_truck_Pcp56_tr2,tr2,Empty truck getting weighed
assign_tr12_Pcp3,tr12,Truck being assigned for pickup
load_truck_Pcp56_tr2,tr2,Truck being loaded with cargo
assign_tr19_Pcp3,tr19,Truck being assigned for pickup
assign_tr26_Pcp14,tr26,Truck being assigned for pickup
assign_tr24_Pcp14,tr24,Truck being assigned for pickup
input_tally_sheet_Pcp89_tr3,tr3,Truck being recorded on tally sheet
print_w_ticket_Pcp89_tr3,tr3,Truck receiving weighing ticket
weigh_empty_truck_Pcp3_tr19,tr19,Empty truck getting weighed
input_tally_sheet_Pcp94_tr32,tr32,Truck being recorded on tally sheet
print_w_ticket_Pcp94_tr32,tr32,Truck receiving weighing ticket
eval_trs_exit_tr3_Pcp89,tr3,Truck being evaluated for exit
load_truck_Pcp3_tr19,tr19,Truck being loaded with cargo
weigh_loaded_truck_Pcp1_tr35,tr35,Loaded truck getting weighed
weigh_empty_truck_Pcp17_tr30,tr30,Empty truck getting weighed
eval_trs_exit_tr32_Pcp94,tr32,Truck being evaluated for exit
weigh_empty_truck_Pcp17_tr31,tr31,Empty truck getting weighed
load_truck_Pcp17_tr30,tr30,Truck being loaded with cargo
load_truck_Pcp17_tr31,tr31,Truck being loaded with cargo
input_tally_sheet_Pcp1_tr35,tr35,Truck being recorded on tally sheet
print_w_ticket_Pcp1_tr35,tr35,Truck receiving weighing ticket
weigh_empty_truck_Pcp14_tr24,tr24,Empty truck getting weighed
assign_tr5_Pcp25,tr5,Truck being assigned for pickup
load_truck_Pcp14_tr24,tr24,Truck being loaded with cargo
weigh_empty_truck_Pcp3_tr12,tr12,Empty truck getting weighed
assign_tr45_Pcp25,tr45,Truck being assigned for pickup
weigh_empty_truck_Pcp14_tr26,tr26,Empty truck getting weighed
eval_trs_exit_tr35_Pcp1,tr35,Truck being evaluated for exit
load_truck_Pcp3_tr12,tr12,Truck being loaded with cargo
load_truck_Pcp14_tr26,tr26,Truck being loaded with cargo
weigh_loaded_truck_Pcp84_tr49,tr49,Loaded truck getting weighed
weigh_empty_truck_Pcp25_tr45,tr45,Empty truck getting weighed
weigh_empty_truck_Pcp25_tr5,tr5,Empty truck getting weighed
weigh_loaded_truck_Pcp3_tr19,tr19,Loaded truck getting weighed
weigh_loaded_truck_Pcp33_tr42,tr42,Loaded truck getting weighed
load_truck_Pcp25_tr5,tr5,Truck being loaded with cargo
load_truck_Pcp25_tr45,tr45,Truck being loaded with cargo
weigh_loaded_truck_Pcp12_tr46,tr46,Loaded truck getting weighed
weigh_loaded_truck_Pcp89_tr15,tr15,Loaded truck getting weighed
assign_tr29_Pcp11,tr29,Truck being assigned for pickup
print_w_ticket_Pcp89_tr15,tr15,Truck receiving weighing ticket
input_tally_sheet_Pcp89_tr15,tr15,Truck being recorded on tally sheet
weigh_loaded_truck_Pcp56_tr2,tr2,Loaded truck getting weighed
assign_tr25_Pcp11,tr25,Truck being assigned for pickup
eval_trs_exit_tr15_Pcp89,tr15,Truck being evaluated for exit
assign_tr1_Pcp96,tr1,Truck being assigned for pickup
weigh_empty_truck_Pcp11_tr25,tr25,Empty truck getting weighed
assign_tr47_Pcp96,tr47,Truck being assigned for pickup
print_w_ticket_Pcp56_tr2,tr2,Truck receiving weighing ticket
input_tally_sheet_Pcp56_tr2,tr2,Truck being recorded on tally sheet
input_tally_sheet_Pcp3_tr19,tr19,Truck being recorded on tally sheet
print_w_ticket_Pcp3_tr19,tr19,Truck receiving weighing ticket
input_tally_sheet_Pcp84_tr49,tr49,Truck being recorded on tally sheet
print_w_ticket_Pcp84_tr49,tr49,Truck receiving weighing ticket
weigh_empty_truck_Pcp11_tr29,tr29,Empty truck getting weighed
eval_trs_exit_tr2_Pcp56,tr2,Truck being evaluated for exit
load_truck_Pcp11_tr29,tr29,Truck being loaded with cargo
load_truck_Pcp11_tr25,tr25,Truck being loaded with cargo
eval_trs_exit_tr19_Pcp3,tr19,Truck being evaluated for exit
weigh_loaded_truck_Pcp8_tr13,tr13,Loaded truck getting weighed
eval_trs_exit_tr49_Pcp84,tr49,Truck being evaluated for exit
input_tally_sheet_Pcp33_tr42,tr42,Truck being recorded on tally sheet
print_w_ticket_Pcp33_tr42,tr42,Truck receiving weighing ticket
eval_trs_exit_tr42_Pcp33,tr42,Truck being evaluated for exit
print_w_ticket_Pcp8_tr13,tr13,Truck receiving weighing ticket
input_tally_sheet_Pcp8_tr13,tr13,Truck being recorded on tally sheet
input_tally_sheet_Pcp12_tr46,tr46,Truck being recorded on tally sheet
print_w_ticket_Pcp12_tr46,tr46,Truck receiving weighing ticket
weigh_empty_truck_Pcp96_tr47,tr47,Empty truck getting weighed
eval_trs_exit_tr13_Pcp8,tr13,Truck being evaluated for exit
load_truck_Pcp96_tr47,tr47,Truck being loaded with cargo
eval_trs_exit_tr46_Pcp12,tr46,Truck being evaluated for exit
weigh_loaded_truck_Pcp15_tr34,tr34,Loaded truck getting weighed
weigh_loaded_truck_Pcp56_tr22,tr22,Loaded truck getting weighed
input_tally_sheet_Pcp56_tr22,tr22,Truck being recorded on tally sheet
print_w_ticket_Pcp56_tr22,tr22,Truck receiving weighing ticket
weigh_empty_truck_Pcp96_tr1,tr1,Empty truck getting weighed
weigh_loaded_truck_Pcp17_tr31,tr31,Loaded truck getting weighed
load_truck_Pcp96_tr1,tr1,Truck being loaded with cargo
eval_trs_exit_tr22_Pcp56,tr22,Truck being evaluated for exit
weigh_loaded_truck_Pcp11_tr29,tr29,Loaded truck getting weighed
input_tally_sheet_Pcp15_tr34,tr34,Truck being recorded on tally sheet
print_w_ticket_Pcp15_tr34,tr34,Truck receiving weighing ticket
input_tally_sheet_Pcp17_tr31,tr31,Truck being recorded on tally sheet
print_w_ticket_Pcp17_tr31,tr31,Truck receiving weighing ticket
eval_trs_exit_tr34_Pcp15,tr34,Truck being evaluated for exit
weigh_loaded_truck_Pcp11_tr25,tr25,Loaded truck getting weighed
eval_trs_exit_tr31_Pcp17,tr31,Truck being evaluated for exit
weigh_loaded_truck_Pcp84_tr44,tr44,Loaded truck getting weighed
print_w_ticket_Pcp11_tr25,tr25,Truck receiving weighing ticket
input_tally_sheet_Pcp11_tr25,tr25,Truck being recorded on tally sheet
print_w_ticket_Pcp84_tr44,tr44,Truck receiving weighing ticket
input_tally_sheet_Pcp84_tr44,tr44,Truck being recorded on tally sheet
eval_trs_exit_tr25_Pcp11,tr25,Truck being evaluated for exit
eval_trs_exit_tr44_Pcp84,tr44,Truck being evaluated for exit
input_tally_sheet_Pcp11_tr29,tr29,Truck being recorded on tally sheet
print_w_ticket_Pcp11_tr29,tr29,Truck receiving weighing ticket
weigh_loaded_truck_Pcp3_tr12,tr12,Loaded truck getting weighed
eval_trs_exit_tr29_Pcp11,tr29,Truck being evaluated for exit
print_w_ticket_Pcp3_tr12,tr12,Truck receiving weighing ticket
input_tally_sheet_Pcp3_tr12,tr12,Truck being recorded on tally sheet
eval_trs_exit_tr12_Pcp3,tr12,Truck being evaluated for exit
assign_tr3_Pcp92,tr3,Truck being assigned for pickup
assign_tr7_Pcp92,tr7,Truck being assigned for pickup
weigh_loaded_truck_Pcp14_tr24,tr24,Loaded truck getting weighed
print_w_ticket_Pcp14_tr24,tr24,Truck receiving weighing ticket
input_tally_sheet_Pcp14_tr24,tr24,Truck being recorded on tally sheet
weigh_empty_truck_Pcp92_tr3,tr3,Empty truck getting weighed
eval_trs_exit_tr24_Pcp14,tr24,Truck being evaluated for exit
load_truck_Pcp92_tr3,tr3,Truck being loaded with cargo
weigh_loaded_truck_Pcp30_tr28,tr28,Loaded truck getting weighed
weigh_loaded_truck_Pcp14_tr26,tr26,Loaded truck getting weighed
weigh_loaded_truck_Pcp25_tr45,tr45,Loaded truck getting weighed
weigh_loaded_truck_Pcp17_tr30,tr30,Loaded truck getting weighed
print_w_ticket_Pcp25_tr45,tr45,Truck receiving weighing ticket
input_tally_sheet_Pcp25_tr45,tr45,Truck being recorded on tally sheet
print_w_ticket_Pcp14_tr26,tr26,Truck receiving weighing ticket
input_tally_sheet_Pcp14_tr26,tr26,Truck being recorded on tally sheet
eval_trs_exit_tr26_Pcp14,tr26,Truck being evaluated for exit
weigh_empty_truck_Pcp92_tr7,tr7,Empty truck getting weighed
eval_trs_exit_tr45_Pcp25,tr45,Truck being evaluated for exit
print_w_ticket_Pcp30_tr28,tr28,Truck receiving weighing ticket
input_tally_sheet_Pcp30_tr28,tr28,Truck being recorded on tally sheet
load_truck_Pcp92_tr7,tr7,Truck being loaded with cargo
print_w_ticket_Pcp17_tr30,tr30,Truck receiving weighing ticket
input_tally_sheet_Pcp17_tr30,tr30,Truck being recorded on tally sheet
eval_trs_exit_tr28_Pcp30,tr28,Truck being evaluated for exit
eval_trs_exit_tr30_Pcp17,tr30,Truck being evaluated for exit
weigh_loaded_truck_Pcp25_tr5,tr5,Loaded truck getting weighed
input_tally_sheet_Pcp25_tr5,tr5,Truck being recorded on tally sheet
print_w_ticket_Pcp25_tr5,tr5,Truck receiving weighing ticket
weigh_loaded_truck_Pcp96_tr1,tr1,Loaded truck getting weighed
eval_trs_exit_tr5_Pcp25,tr5,Truck being evaluated for exit
weigh_loaded_truck_Pcp12_tr41,tr41,Loaded truck getting weighed
input_tally_sheet_Pcp96_tr1,tr1,Truck being recorded on tally sheet
print_w_ticket_Pcp96_tr1,tr1,Truck receiving weighing ticket
eval_trs_exit_tr1_Pcp96,tr1,Truck being evaluated for exit
weigh_loaded_truck_Pcp92_tr3,tr3,Loaded truck getting weighed
print_w_ticket_Pcp12_tr41,tr41,Truck receiving weighing ticket
input_tally_sheet_Pcp12_tr41,tr41,Truck being recorded on tally sheet
eval_trs_exit_tr41_Pcp12,tr41,Truck being evaluated for exit
print_w_ticket_Pcp92_tr3,tr3,Truck receiving weighing ticket
input_tally_sheet_Pcp92_tr3,tr3,Truck being recorded on tally sheet
eval_trs_exit_tr3_Pcp92,tr3,Truck being evaluated for exit
weigh_loaded_truck_Pcp96_tr47,tr47,Loaded truck getting weighed
assign_tr42_Pcp85,tr42,Truck being assigned for pickup
assign_tr16_Pcp85,tr16,Truck being assigned for pickup
weigh_empty_truck_Pcp85_tr42,tr42,Empty truck getting weighed
load_truck_Pcp85_tr42,tr42,Truck being loaded with cargo
input_tally_sheet_Pcp96_tr47,tr47,Truck being recorded on tally sheet
print_w_ticket_Pcp96_tr47,tr47,Truck receiving weighing ticket
eval_trs_exit_tr47_Pcp96,tr47,Truck being evaluated for exit
weigh_empty_truck_Pcp85_tr16,tr16,Empty truck getting weighed
load_truck_Pcp85_tr16,tr16,Truck being loaded with cargo
weigh_loaded_truck_Pcp85_tr42,tr42,Loaded truck getting weighed
input_tally_sheet_Pcp85_tr42,tr42,Truck being recorded on tally sheet
print_w_ticket_Pcp85_tr42,tr42,Truck receiving weighing ticket
eval_trs_exit_tr42_Pcp85,tr42,Truck being evaluated for exit
assign_tr8_Pcp80,tr8,Truck being assigned for pickup
assign_tr30_Pcp80,tr30,Truck being assigned for pickup
weigh_empty_truck_Pcp80_tr8,tr8,Empty truck getting weighed
load_truck_Pcp80_tr8,tr8,Truck being loaded with cargo
weigh_loaded_truck_Pcp85_tr16,tr16,Loaded truck getting weighed
weigh_empty_truck_Pcp80_tr30,tr30,Empty truck getting weighed
input_tally_sheet_Pcp85_tr16,tr16,Truck being recorded on tally sheet
print_w_ticket_Pcp85_tr16,tr16,Truck receiving weighing ticket
eval_trs_exit_tr16_Pcp85,tr16,Truck being evaluated for exit
load_truck_Pcp80_tr30,tr30,Truck being loaded with cargo
weigh_loaded_truck_Pcp80_tr8,tr8,Loaded truck getting weighed
print_w_ticket_Pcp80_tr8,tr8,Truck receiving weighing ticket
input_tally_sheet_Pcp80_tr8,tr8,Truck being recorded on tally sheet
eval_trs_exit_tr8_Pcp80,tr8,Truck being evaluated for exit
weigh_loaded_truck_Pcp80_tr30,tr30,Loaded truck getting weighed
print_w_ticket_Pcp80_tr30,tr30,Truck receiving weighing ticket
input_tally_sheet_Pcp80_tr30,tr30,Truck being recorded on tally sheet
eval_trs_exit_tr30_Pcp80,tr30,Truck being evaluated for exit
weigh_loaded_truck_Pcp92_tr7,tr7,Loaded truck getting weighed
input_tally_sheet_Pcp92_tr7,tr7,Truck being recorded on tally sheet
print_w_ticket_Pcp92_tr7,tr7,Truck receiving weighing ticket
eval_trs_exit_tr7_Pcp92,tr7,Truck being evaluated for exit
assign_tr13_Pcp35,tr13,Truck being assigned for pickup
assign_tr23_Pcp35,tr23,Truck being assigned for pickup
weigh_empty_truck_Pcp35_tr13,tr13,Empty truck getting weighed
weigh_empty_truck_Pcp35_tr23,tr23,Empty truck getting weighed
load_truck_Pcp35_tr13,tr13,Truck being loaded with cargo
load_truck_Pcp35_tr23,tr23,Truck being loaded with cargo
weigh_loaded_truck_Pcp35_tr13,tr13,Loaded truck getting weighed
print_w_ticket_Pcp35_tr13,tr13,Truck receiving weighing ticket
input_tally_sheet_Pcp35_tr13,tr13,Truck being recorded on tally sheet
eval_trs_exit_tr13_Pcp35,tr13,Truck being evaluated for exit
assign_tr31_Pcp88,tr31,Truck being assigned for pickup
assign_tr26_Pcp88,tr26,Truck being assigned for pickup
weigh_empty_truck_Pcp88_tr31,tr31,Empty truck getting weighed
load_truck_Pcp88_tr31,tr31,Truck being loaded with cargo
assign_tr5_Pcp82,tr5,Truck being assigned for pickup
weigh_empty_truck_Pcp88_tr26,tr26,Empty truck getting weighed
load_truck_Pcp88_tr26,tr26,Truck being loaded with cargo
assign_tr13_Pcp82,tr13,Truck being assigned for pickup
weigh_loaded_truck_Pcp35_tr23,tr23,Loaded truck getting weighed
weigh_loaded_truck_Pcp88_tr26,tr26,Loaded truck getting weighed
weigh_empty_truck_Pcp82_tr13,tr13,Empty truck getting weighed
load_truck_Pcp82_tr13,tr13,Truck being loaded with cargo
print_w_ticket_Pcp35_tr23,tr23,Truck receiving weighing ticket
input_tally_sheet_Pcp35_tr23,tr23,Truck being recorded on tally sheet
weigh_empty_truck_Pcp82_tr5,tr5,Empty truck getting weighed
eval_trs_exit_tr23_Pcp35,tr23,Truck being evaluated for exit
load_truck_Pcp82_tr5,tr5,Truck being loaded with cargo
input_tally_sheet_Pcp88_tr26,tr26,Truck being recorded on tally sheet
print_w_ticket_Pcp88_tr26,tr26,Truck receiving weighing ticket
eval_trs_exit_tr26_Pcp88,tr26,Truck being evaluated for exit
assign_tr9_Pcp78,tr9,Truck being assigned for pickup
assign_tr23_Pcp78,tr23,Truck being assigned for pickup
weigh_empty_truck_Pcp78_tr9,tr9,Empty truck getting weighed
load_truck_Pcp78_tr9,tr9,Truck being loaded with cargo
weigh_empty_truck_Pcp78_tr23,tr23,Empty truck getting weighed
load_truck_Pcp78_tr23,tr23,Truck being loaded with cargo
assign_tr42_Pcp61,tr42,Truck being assigned for pickup
assign_tr21_Pcp61,tr21,Truck being assigned for pickup
weigh_empty_truck_Pcp61_tr42,tr42,Empty truck getting weighed
load_truck_Pcp61_tr42,tr42,Truck being loaded with cargo
weigh_loaded_truck_Pcp78_tr23,tr23,Loaded truck getting weighed
assign_tr30_Pcp57,tr30,Truck being assigned for pickup
assign_tr29_Pcp57,tr29,Truck being assigned for pickup
weigh_empty_truck_Pcp61_tr21,tr21,Empty truck getting weighed
weigh_loaded_truck_Pcp78_tr9,tr9,Loaded truck getting weighed
weigh_empty_truck_Pcp57_tr30,tr30,Empty truck getting weighed
print_w_ticket_Pcp78_tr23,tr23,Truck receiving weighing ticket
input_tally_sheet_Pcp78_tr23,tr23,Truck being recorded on tally sheet
load_truck_Pcp61_tr21,tr21,Truck being loaded with cargo
load_truck_Pcp57_tr30,tr30,Truck being loaded with cargo
weigh_loaded_truck_Pcp82_tr13,tr13,Loaded truck getting weighed
input_tally_sheet_Pcp78_tr9,tr9,Truck being recorded on tally sheet
print_w_ticket_Pcp78_tr9,tr9,Truck receiving weighing ticket
eval_trs_exit_tr23_Pcp78,tr23,Truck being evaluated for exit
eval_trs_exit_tr9_Pcp78,tr9,Truck being evaluated for exit
weigh_empty_truck_Pcp57_tr29,tr29,Empty truck getting weighed
load_truck_Pcp57_tr29,tr29,Truck being loaded with cargo
weigh_loaded_truck_Pcp61_tr42,tr42,Loaded truck getting weighed
input_tally_sheet_Pcp82_tr13,tr13,Truck being recorded on tally sheet
print_w_ticket_Pcp82_tr13,tr13,Truck receiving weighing ticket
weigh_loaded_truck_Pcp61_tr21,tr21,Loaded truck getting weighed
eval_trs_exit_tr13_Pcp82,tr13,Truck being evaluated for exit
input_tally_sheet_Pcp61_tr42,tr42,Truck being recorded on tally sheet
print_w_ticket_Pcp61_tr42,tr42,Truck receiving weighing ticket
eval_trs_exit_tr42_Pcp61,tr42,Truck being evaluated for exit
print_w_ticket_Pcp61_tr21,tr21,Truck receiving weighing ticket
input_tally_sheet_Pcp61_tr21,tr21,Truck being recorded on tally sheet
weigh_loaded_truck_Pcp57_tr30,tr30,Loaded truck getting weighed
assign_tr20_Pcp32,tr20,Truck being assigned for pickup
print_w_ticket_Pcp57_tr30,tr30,Truck receiving weighing ticket
input_tally_sheet_Pcp57_tr30,tr30,Truck being recorded on tally sheet
assign_tr14_Pcp32,tr14,Truck being assigned for pickup
weigh_empty_truck_Pcp32_tr20,tr20,Empty truck getting weighed
eval_trs_exit_tr21_Pcp61,tr21,Truck being evaluated for exit
eval_trs_exit_tr30_Pcp57,tr30,Truck being evaluated for exit
load_truck_Pcp32_tr20,tr20,Truck being loaded with cargo
weigh_empty_truck_Pcp32_tr14,tr14,Empty truck getting weighed
weigh_loaded_truck_Pcp88_tr31,tr31,Loaded truck getting weighed
load_truck_Pcp32_tr14,tr14,Truck being loaded with cargo
assign_tr23_Pcp58,tr23,Truck being assigned for pickup
assign_tr49_Pcp58,tr49,Truck being assigned for pickup
print_w_ticket_Pcp88_tr31,tr31,Truck receiving weighing ticket
input_tally_sheet_Pcp88_tr31,tr31,Truck being recorded on tally sheet
weigh_empty_truck_Pcp58_tr23,tr23,Empty truck getting weighed
eval_trs_exit_tr31_Pcp88,tr31,Truck being evaluated for exit
load_truck_Pcp58_tr23,tr23,Truck being loaded with cargo
weigh_loaded_truck_Pcp82_tr5,tr5,Loaded truck getting weighed
weigh_empty_truck_Pcp58_tr49,tr49,Empty truck getting weighed
input_tally_sheet_Pcp82_tr5,tr5,Truck being recorded on tally sheet
print_w_ticket_Pcp82_tr5,tr5,Truck receiving weighing ticket
load_truck_Pcp58_tr49,tr49,Truck being loaded with cargo
eval_trs_exit_tr5_Pcp82,tr5,Truck being evaluated for exit
weigh_loaded_truck_Pcp32_tr20,tr20,Loaded truck getting weighed
print_w_ticket_Pcp32_tr20,tr20,Truck receiving weighing ticket
input_tally_sheet_Pcp32_tr20,tr20,Truck being recorded on tally sheet
eval_trs_exit_tr20_Pcp32,tr20,Truck being evaluated for exit
assign_tr35_Pcp37,tr35,Truck being assigned for pickup
assign_tr38_Pcp37,tr38,Truck being assigned for pickup
weigh_empty_truck_Pcp37_tr35,tr35,Empty truck getting weighed
load_truck_Pcp37_tr35,tr35,Truck being loaded with cargo
weigh_empty_truck_Pcp37_tr38,tr38,Empty truck getting weighed
load_truck_Pcp37_tr38,tr38,Truck being loaded with cargo
weigh_loaded_truck_Pcp57_tr29,tr29,Loaded truck getting weighed
weigh_loaded_truck_Pcp58_tr49,tr49,Loaded truck getting weighed
assign_tr20_Pcp75,tr20,Truck being assigned for pickup
assign_tr22_Pcp75,tr22,Truck being assigned for pickup
weigh_loaded_truck_Pcp37_tr38,tr38,Loaded truck getting weighed
weigh_empty_truck_Pcp75_tr20,tr20,Empty truck getting weighed
print_w_ticket_Pcp37_tr38,tr38,Truck receiving weighing ticket
input_tally_sheet_Pcp37_tr38,tr38,Truck being recorded on tally sheet
load_truck_Pcp75_tr20,tr20,Truck being loaded with cargo
weigh_empty_truck_Pcp75_tr22,tr22,Empty truck getting weighed
load_truck_Pcp75_tr22,tr22,Truck being loaded with cargo
print_w_ticket_Pcp58_tr49,tr49,Truck receiving weighing ticket
input_tally_sheet_Pcp58_tr49,tr49,Truck being recorded on tally sheet
print_w_ticket_Pcp57_tr29,tr29,Truck receiving weighing ticket
input_tally_sheet_Pcp57_tr29,tr29,Truck being recorded on tally sheet
eval_trs_exit_tr38_Pcp37,tr38,Truck being evaluated for exit
eval_trs_exit_tr29_Pcp57,tr29,Truck being evaluated for exit
eval_trs_exit_tr49_Pcp58,tr49,Truck being evaluated for exit
weigh_loaded_truck_Pcp75_tr22,tr22,Loaded truck getting weighed
input_tally_sheet_Pcp75_tr22,tr22,Truck being recorded on tally sheet
print_w_ticket_Pcp75_tr22,tr22,Truck receiving weighing ticket
eval_trs_exit_tr22_Pcp75,tr22,Truck being evaluated for exit
weigh_loaded_truck_Pcp58_tr23,tr23,Loaded truck getting weighed
input_tally_sheet_Pcp58_tr23,tr23,Truck being recorded on tally sheet
print_w_ticket_Pcp58_tr23,tr23,Truck receiving weighing ticket
eval_trs_exit_tr23_Pcp58,tr23,Truck being evaluated for exit
weigh_loaded_truck_Pcp32_tr14,tr14,Loaded truck getting weighed
print_w_ticket_Pcp32_tr14,tr14,Truck receiving weighing ticket
input_tally_sheet_Pcp32_tr14,tr14,Truck being recorded on tally sheet
weigh_loaded_truck_Pcp37_tr35,tr35,Loaded truck getting weighed
eval_trs_exit_tr14_Pcp32,tr14,Truck being evaluated for exit
input_tally_sheet_Pcp37_tr35,tr35,Truck being recorded on tally sheet
print_w_ticket_Pcp37_tr35,tr35,Truck receiving weighing ticket
eval_trs_exit_tr35_Pcp37,tr35,Truck being evaluated for exit
assign_tr39_Pcp62,tr39,Truck being assigned for pickup
assign_tr6_Pcp50,tr6,Truck being assigned for pickup
assign_tr46_Pcp50,tr46,Truck being assigned for pickup
assign_tr50_Pcp62,tr50,Truck being assigned for pickup
weigh_empty_truck_Pcp62_tr39,tr39,Empty truck getting weighed
load_truck_Pcp62_tr39,tr39,Truck being loaded with cargo
weigh_loaded_truck_Pcp75_tr20,tr20,Loaded truck getting weighed
weigh_empty_truck_Pcp50_tr46,tr46,Empty truck getting weighed
weigh_empty_truck_Pcp62_tr50,tr50,Empty truck getting weighed
load_truck_Pcp62_tr50,tr50,Truck being loaded with cargo
weigh_empty_truck_Pcp50_tr6,tr6,Empty truck getting weighed
print_w_ticket_Pcp75_tr20,tr20,Truck receiving weighing ticket
input_tally_sheet_Pcp75_tr20,tr20,Truck being recorded on tally sheet
load_truck_Pcp50_tr46,tr46,Truck being loaded with cargo
load_truck_Pcp50_tr6,tr6,Truck being loaded with cargo
eval_trs_exit_tr20_Pcp75,tr20,Truck being evaluated for exit
weigh_loaded_truck_Pcp62_tr39,tr39,Loaded truck getting weighed
weigh_loaded_truck_Pcp50_tr6,tr6,Loaded truck getting weighed
input_tally_sheet_Pcp62_tr39,tr39,Truck being recorded on tally sheet
print_w_ticket_Pcp62_tr39,tr39,Truck receiving weighing ticket
eval_trs_exit_tr39_Pcp62,tr39,Truck being evaluated for exit
print_w_ticket_Pcp50_tr6,tr6,Truck receiving weighing ticket
input_tally_sheet_Pcp50_tr6,tr6,Truck being recorded on tally sheet
eval_trs_exit_tr6_Pcp50,tr6,Truck being evaluated for exit
assign_tr8_Pcp77,tr8,Truck being assigned for pickup
assign_tr17_Pcp77,tr17,Truck being assigned for pickup
weigh_empty_truck_Pcp77_tr8,tr8,Empty truck getting weighed
load_truck_Pcp77_tr8,tr8,Truck being loaded with cargo
weigh_empty_truck_Pcp77_tr17,tr17,Empty truck getting weighed
load_truck_Pcp77_tr17,tr17,Truck being loaded with cargo
weigh_loaded_truck_Pcp50_tr46,tr46,Loaded truck getting weighed
print_w_ticket_Pcp50_tr46,tr46,Truck receiving weighing ticket
input_tally_sheet_Pcp50_tr46,tr46,Truck being recorded on tally sheet
eval_trs_exit_tr46_Pcp50,tr46,Truck being evaluated for exit
assign_tr23_Pcp51,tr23,Truck being assigned for pickup
assign_tr29_Pcp51,tr29,Truck being assigned for pickup
weigh_empty_truck_Pcp51_tr29,tr29,Empty truck getting weighed
weigh_empty_truck_Pcp51_tr23,tr23,Empty truck getting weighed
load_truck_Pcp51_tr23,tr23,Truck being loaded with cargo
load_truck_Pcp51_tr29,tr29,Truck being loaded with cargo
weigh_loaded_truck_Pcp51_tr23,tr23,Loaded truck getting weighed
input_tally_sheet_Pcp51_tr23,tr23,Truck being recorded on tally sheet
print_w_ticket_Pcp51_tr23,tr23,Truck receiving weighing ticket
eval_trs_exit_tr23_Pcp51,tr23,Truck being evaluated for exit
weigh_loaded_truck_Pcp77_tr17,tr17,Loaded truck getting weighed
print_w_ticket_Pcp77_tr17,tr17,Truck receiving weighing ticket
input_tally_sheet_Pcp77_tr17,tr17,Truck being recorded on tally sheet
eval_trs_exit_tr17_Pcp77,tr17,Truck being evaluated for exit
weigh_loaded_truck_Pcp77_tr8,tr8,Loaded truck getting weighed
print_w_ticket_Pcp77_tr8,tr8,Truck receiving weighing ticket
input_tally_sheet_Pcp77_tr8,tr8,Truck being recorded on tally sheet
eval_trs_exit_tr8_Pcp77,tr8,Truck being evaluated for exit
weigh_loaded_truck_Pcp62_tr50,tr50,Loaded truck getting weighed
input_tally_sheet_Pcp62_tr50,tr50,Truck being recorded on tally sheet
print_w_ticket_Pcp62_tr50,tr50,Truck receiving weighing ticket
eval_trs_exit_tr50_Pcp62,tr50,Truck being evaluated for exit
weigh_loaded_truck_Pcp51_tr29,tr29,Loaded truck getting weighed
input_tally_sheet_Pcp51_tr29,tr29,Truck being recorded on tally sheet
print_w_ticket_Pcp51_tr29,tr29,Truck receiving weighing ticket
eval_trs_exit_tr29_Pcp51,tr29,Truck being evaluated for exit
assign_tr29_Pcp70,tr29,Truck being assigned for pickup
assign_tr49_Pcp70,tr49,Truck being assigned for pickup
weigh_empty_truck_Pcp70_tr49,tr49,Empty truck getting weighed
load_truck_Pcp70_tr49,tr49,Truck being loaded with cargo
weigh_empty_truck_Pcp70_tr29,tr29,Empty truck getting weighed
load_truck_Pcp70_tr29,tr29,Truck being loaded with cargo
weigh_loaded_truck_Pcp70_tr49,tr49,Loaded truck getting weighed
print_w_ticket_Pcp70_tr49,tr49,Truck receiving weighing ticket
input_tally_sheet_Pcp70_tr49,tr49,Truck being recorded on tally sheet
eval_trs_exit_tr49_Pcp70,tr49,Truck being evaluated for exit
weigh_loaded_truck_Pcp70_tr29,tr29,Loaded truck getting weighed
print_w_ticket_Pcp70_tr29,tr29,Truck receiving weighing ticket
input_tally_sheet_Pcp70_tr29,tr29,Truck being recorded on tally sheet
eval_trs_exit_tr29_Pcp70,tr29,Truck being evaluated for exit
